unit_id,page,section_path,table_name,row_header,unit,unit_type,text
annual_cscec_2025_report_field_001374,6,董事长致辞,我谨代表,新签合同额,,financial_field,"险,企业保持稳健发展态势。全年新签合同额4.55万亿元,完成营业收入2.08万亿元,实现归属于上市；公司股东净利润390.7亿元,继续保持全球建筑行业最高信用评级。；期间累计实现合同额20.8万亿元、营业收入10.5万亿元、利润总额4,331亿元,同比“十三五”分别增长；57%、68%、20%。主责主业更加稳健,房建、基建利润占比同比提高了31个百分点,地产业务销售额；增长37%,海外营收增长28%、ENR国际承包商排名提升至第6位。转型升级加快推进,完成国企改革；三年行动和深化提升行动目标任务,推动8家企业战略性联动、6家企业战略性整合,获批建设4个国家；级科创平台,成功举办中国建筑科技展,城市更新、城市运营业务覆盖250多个城市。；2026年是“十五五”开局之年,建筑市场挑战和机遇并存。国家在城市更新、“好房子”建设、稳定"
annual_cscec_2025_report_field_001375,7,董事长致辞,我谨代表,营业收入,,financial_field,"合同额4.6万亿元,营业收入2.1万亿元,继续创造更多更好的发展业绩,不辜负广大股东、投资者和社；会各界的关心和支持！；郑学选；董事长；中国•北京；2026 年4月17日；2025 年年度报告；3"
annual_cscec_2025_report_field_001376,8,年报速览 > 连续入选,主要经营指标,新签合同额,,financial_field,"新签合同额；营业收入；归属上市公司股东净利润；45,458 亿元；20,821 亿元；390.7 亿元；同比增长1.0%；同比下降4.8%；同比下降15.4%"
annual_cscec_2025_report_field_001377,8,年报速览 > 连续入选,主要经营指标,经营活动产生的现金流量净额,,financial_field,经营活动产生的现金流量净额；加权平均净资产收益率；归属普通股股东的每股净资产；205.4 亿元；8.15%；11.68 元／股；连续6 年保持正向流入；减少2.21 个百分点；同比增长7.2%；中国建筑股份有限公司
annual_cscec_2025_report_field_001378,9,年报速览 > 连续入选,主要经营指标,新签合同额,,financial_field,"新签合同额；营业收入；同比增长0.5%；同比下降6.6%；基础设施建设与投资业务；14,728 亿元；5,432 亿元"
annual_cscec_2025_report_field_001379,9,年报速览 > 连续入选,主要经营指标,新签合同额,,financial_field,"新签合同额；营业收入；同比增长4.1%；同比下降1.4%；房地产开发与投资业务；3,948 亿元；1,509 万m"
annual_cscec_2025_report_field_001380,9,年报速览 > 连续入选,主要经营指标,合约销售额,,financial_field,"合约销售额；合约销售面积；2；同比下降6.4%；同比增长3.3%；2,844 亿元；928 万m"
annual_cscec_2025_report_field_001381,9,年报速览 > 连续入选,主要经营指标,营业收入,,financial_field,"营业收入；新购置土地储备；2；同比下降7.2%；6,961 万m"
annual_cscec_2025_report_field_001382,9,年报速览 > 连续入选,主要经营指标,土地储备,,financial_field,期末土地储备；2；勘察设计业务；128 亿元；102 亿元
annual_cscec_2025_report_field_001383,9,年报速览 > 连续入选,主要经营指标,新签合同额,,financial_field,"新签合同额；营业收入；同比下降10.0%；同比下降6.0%；国际化业务；2,550 亿元；1,417 亿元"
annual_cscec_2025_report_field_001384,9,年报速览 > 连续入选,主要经营指标,新签合同额,,financial_field,新签合同额；营业收入；同比增长15.2%；同比增长19.4%；2025 年年度报告；5
annual_cscec_2025_report_field_001385,10,重要提示 > 十一、 其他,十一、 其他,资本公积金转增股本,,financial_field,"董事会决议通过的本报告期利润分配预案和资本公积金转增股本预案；公司拟向全体普通股股东每10股派送现金红利人民币2.718元（含税）,以截至本报告披露日的总；股本41,320,390,444股为基数,以此计算合计拟派发现金红利总额约为112.31亿元（含税）。本年；度公司现金分红占合并报表归属于上市公司股东净利润的比例为28.75%。如在实施权益分派股权"
annual_cscec_2025_report_field_001386,10,重要提示 > 十一、 其他,十一、 其他,现金红利,,financial_field,度公司现金分红占合并报表归属于上市公司股东净利润的比例为28.75%。如在实施权益分派股权；提交公司2025年年度股东会审议批准。；适用 不适用；六、；前瞻性陈述的风险声明；适用 不适用
annual_cscec_2025_report_field_001387,13,第二节 公司简介和主要财务指标 > 七、 近三年主要会计数据和财务指标 > （二） 主要财务指标,主要财务指标,营业收入,千元,financial_field,"营业收入；2,082,141,811；2,187,334,286；2,187,147,839；-4.8；2,265,529,244"
annual_cscec_2025_report_field_001388,13,第二节 公司简介和主要财务指标 > 七、 近三年主要会计数据和财务指标 > （二） 主要财务指标,主要财务指标,利润总额,千元,financial_field,"利润总额；70,221,649；80,046,319；80,036,950；-12.3；92,995,473"
annual_cscec_2025_report_field_001389,13,第二节 公司简介和主要财务指标 > 七、 近三年主要会计数据和财务指标 > （二） 主要财务指标,主要财务指标,归属于上市公司股东的净利润,千元,financial_field,"归属于上市公司股东的净利润；39,069,002；46,193,694；46,187,099；-15.4；54,264,173；归属于上市公司股东的扣除非经常性；损益的净利润；31,934,462；41,579,271"
annual_cscec_2025_report_field_001390,13,第二节 公司简介和主要财务指标 > 七、 近三年主要会计数据和财务指标 > （二） 主要财务指标,主要财务指标,经营活动产生的现金流量净额,千元,financial_field,"经营活动产生的现金流量净额；20,537,132；15,825,793；15,773,535；29.8；11,030,123；2024年末；本期末比上年；2025年末；2023年末"
annual_cscec_2025_report_field_001391,13,第二节 公司简介和主要财务指标 > 七、 近三年主要会计数据和财务指标 > （二） 主要财务指标,主要财务指标,归属于上市公司股东的净资产,千元,financial_field,"归属于上市公司股东的净资产；491,555,607；462,498,099；462,184,659；6.3；427,609,892"
annual_cscec_2025_report_field_001392,13,第二节 公司简介和主要财务指标 > 七、 近三年主要会计数据和财务指标 > （二） 主要财务指标,主要财务指标,总资产,千元,financial_field,"总资产；3,560,679,818；3,189,774,343；3,189,262,063；11.6；2,903,322,519"
annual_cscec_2025_report_field_001393,13,第二节 公司简介和主要财务指标 > 七、 近三年主要会计数据和财务指标 > （二） 主要财务指标,主要财务指标,期末总股本,千元,financial_field,"期末总股本；41,320,390；41,610,322；41,610,322；-0.7；41,919,514"
annual_cscec_2025_report_field_001394,13,第二节 公司简介和主要财务指标 > 七、 近三年主要会计数据和财务指标 > （二） 主要财务指标,主要财务指标,基本每股收益,千元,financial_field,基本每股收益（元／股）；0.94；1.11；1.11；-15.3；1.31
annual_cscec_2025_report_field_001395,13,第二节 公司简介和主要财务指标 > 七、 近三年主要会计数据和财务指标 > （二） 主要财务指标,主要财务指标,稀释每股收益,千元,financial_field,稀释每股收益（元／股）；0.94；1.11；1.11；-15.3；1.31
annual_cscec_2025_report_field_001396,13,第二节 公司简介和主要财务指标 > 七、 近三年主要会计数据和财务指标 > （二） 主要财务指标,主要财务指标,基本每股收益,千元,financial_field,扣除非经常性损益后的基本每股收益；（元／股）；0.77；1.00；1.00；-23.0；1.17；减少2.21个
annual_cscec_2025_report_field_001397,13,第二节 公司简介和主要财务指标 > 七、 近三年主要会计数据和财务指标 > （二） 主要财务指标,主要财务指标,加权平均净资产收益率,千元,financial_field,加权平均净资产收益率（%）；百分点；8.15；10.36；10.37；13.36；扣除非经常性损益后的加权平均净资产；减少2.68个；收益率（%）；百分点
annual_cscec_2025_report_field_001398,13,第二节 公司简介和主要财务指标 > 七、 近三年主要会计数据和财务指标 > （二） 主要财务指标,主要财务指标,现金红利,千元,financial_field,每10股派息金额（元）；2.718；2.715；2.715；0.1；2.7145；适用 不适用；中扣减。
annual_cscec_2025_report_field_001399,13,第二节 公司简介和主要财务指标 > 七、 近三年主要会计数据和财务指标 > （二） 主要财务指标,主要财务指标,归属于上市公司股东的净利润,千元,financial_field,"② 按照相关会计准则规定,计算每股收益时,归属于上市公司股东的净利润将扣除优先股、永续债等；其他权益工具的股利或利息及限制性股票的影响。；2025 年年度报告；9"
annual_cscec_2025_report_field_001400,14,第二节 公司简介和主要财务指标 > 十、 非经常性损益项目和金额,公司简介和主要财务指标,现金红利,千元,financial_field,④ 派息金额含税。；敬请参阅本报告第八节“财务报告”财务报表附注五、68“每股收益”、管理层补充资料二“净资产收益率和；每股收益”等相关内容。
annual_cscec_2025_report_field_001401,14,第二节 公司简介和主要财务指标 > 十、 非经常性损益项目和金额,公司简介和主要财务指标,营业收入,千元,financial_field,"营业收入；555,342,204；552,965,231；449,912,446；523,921,930"
annual_cscec_2025_report_field_001402,14,第二节 公司简介和主要财务指标 > 十、 非经常性损益项目和金额,公司简介和主要财务指标,归属于上市公司股东的净利润,千元,financial_field,"归属于上市公司股东的净利润；15,013,469；15,390,884；7,778,049；886,600；归属于上市公司股东的扣除非经常性；损益后的净利润；14,850,075；12,648,002；7,702,482"
annual_cscec_2025_report_field_001403,14,第二节 公司简介和主要财务指标 > 十、 非经常性损益项目和金额,公司简介和主要财务指标,经营活动产生的现金流量净额,千元,financial_field,"经营活动产生的现金流量净额；-95,852,099；13,021,504；13,351,612；90,016,115；季度数据与已披露定期报告数据差异说明；适用 不适用"
annual_cscec_2025_report_field_001404,14,第二节 公司简介和主要财务指标 > 十、 非经常性损益项目和金额,公司简介和主要财务指标,流动资产,千元,financial_field,"非流动资产处置损益,包括已计提资产减值准备的冲销；部分；290,029；/；561,274；226,075"
annual_cscec_2025_report_field_001405,14,第二节 公司简介和主要财务指标 > 十、 非经常性损益项目和金额,公司简介和主要财务指标,营业收入,千元,financial_field,"营业外收入/；其他收益；427,761；533,043；631,101；公司损益产生持续影响的政府补助除外；分步实现企业合并产生的收益；/；/"
annual_cscec_2025_report_field_001406,15,第二节 公司简介和主要财务指标 > 十三、 其他,十三、 其他,营业收入,千元,financial_field,"除上述各项之外的其他营业外收入和支出；1,225,632；-652,665；-286,227；所得税影响额；-1,899,401；/；-1,467,590；-1,441,995"
annual_cscec_2025_report_field_001407,15,第二节 公司简介和主要财务指标 > 十三、 其他,十三、 其他,所有者权益,千元,financial_field,"少数股东权益影响额（税后）；-510,802；/；-227,051；117,719；合计；7,134,540；/；4,614,423；5,725,504"
annual_cscec_2025_report_field_001408,15,第二节 公司简介和主要财务指标 > 十三、 其他,十三、 其他,流动资产,千元,financial_field,"其他流动资产；853,717；734,594；-119,123；794；853,717；合计；13,778,054；13,392,231；-385,823"
annual_cscec_2025_report_field_001409,21,第三节 管理层讨论与分析 > 二、 报告期内公司所处行业情况,报告期内公司所处行业情况,利率,,financial_field,"化限购限售政策、降低房贷利率和首付比例、减交易税费等,着力激发住房消费需求。二是；优化产品结构、提升核心竞争力与产品力。三是加快推进城市更新行动落地。2025年5月,；式；7月,中央城市工作会议要求高质量开展城市更新,推进土地混合开发利用、用途合理；勘察设计行业深度转型,市场挑战与机遇并存。"
annual_cscec_2025_report_field_001410,21,第三节 管理层讨论与分析 > 二、 报告期内公司所处行业情况,报告期内公司所处行业情况,营业收入,,financial_field,"合同额2,892.2亿美元,增长8.2% ；完成营业额1,788.2亿美元,比上年增长7.7%。二是高；深推进。2025年,我国在共建国家新签承包工程合同额2,579.8亿美元,增长10.8% ；完成；营业额1,526.3亿美元,增长9.3%,占同期对外承包工程总营业额的85%。三是新兴领域成；新动能。；2025 年年度报告；17"
annual_cscec_2025_report_field_001411,22,第三节 管理层讨论与分析 > 三、 经营情况讨论与分析,经营情况,新签合同额,,financial_field,"报告期内,公司新签合同额4.55万亿元,同比增长1.0% ；实现营业收入2.08万亿元,同比下降4.8% ；；实现归属于上市公司股东的净利润390.7亿元,同比下降15.4% ；经营性净现金流205.4亿元,连续6年；保持正流入。公司位居2025年《财富》世界500强榜单第16位、中国500强榜单第4位,连续入选《财富》；中国ESG影响力榜,位列英国Brand Finance“2025年度中国品牌价值500强”榜单第16位、蝉联行业首；位,《2025中国企业品牌价值TOP100榜单》中排名中央企业第3位。公司持续被纳入中证50、上证50、；富时中国A50、MSCI中国A50互联互通指数等重要指数。总体来看,公司经营发展呈现以下特点：；点区域新签合同额占比为79.9%,完成投资额占比为88.9%。全力服务“两重”“两新”等国家"
annual_cscec_2025_report_field_001412,22,第三节 管理层讨论与分析 > 三、 经营情况讨论与分析,经营情况,新签合同额,,financial_field,"点区域新签合同额占比为79.9%,完成投资额占比为88.9%。全力服务“两重”“两新”等国家"
annual_cscec_2025_report_field_001413,22,第三节 管理层讨论与分析 > 三、 经营情况讨论与分析,经营情况,新签合同额,,financial_field,"接和深化合作。报告期内,公司建筑业务保持稳健增长,新签合同额4.2万亿元,着力强化；资源,新增土地储备928万平方米,全部位于一线、二线及省会城市；加强精益建造和科技；及七项工作要求。加快发展城市运营业务,明确12个主要业务分类,设计使用中国建筑城；产业布局地图,2025年公司战略性新兴产业实现营业收入2,629亿元。"
annual_cscec_2025_report_field_001414,22,第三节 管理层讨论与分析 > 三、 经营情况讨论与分析,经营情况,营业收入,,financial_field,"产业布局地图,2025年公司战略性新兴产业实现营业收入2,629亿元。；中国建筑股份有限公司；18"
annual_cscec_2025_report_field_001415,26,第三节 管理层讨论与分析 > 三、 经营情况讨论与分析,经营情况,新签合同额,亿元,financial_field,"建筑业务新签合同额；地产业务合约销售额；4,514；4,221；4,219；41,510；40,808；4,016；3,948；38,727"
annual_cscec_2025_report_field_001416,26,第三节 管理层讨论与分析 > 三、 经营情况讨论与分析,经营情况,营业收入,亿元,financial_field,"营业收入；归属于上市公司股东的净利润；22,655；21,873；542.6；515.5；20,821；20,551；509.5；461.9"
annual_cscec_2025_report_field_001417,27,第三节 管理层讨论与分析 > 三、 经营情况讨论与分析,经营情况,新签合同额,,financial_field,新签合同额比重；分部收入比重注；58.6%；59.6%；32.4%；26.2%；13.7%；8.7%；0.3%；0.5%
annual_cscec_2025_report_field_001418,27,第三节 管理层讨论与分析 > 三、 经营情况讨论与分析,经营情况,利率,,financial_field,分部毛利率情况；51.9%；18.0%；14.4%；26.8%；9.9%；8.4%；20.4%；房建；基建
annual_cscec_2025_report_field_001419,28,第三节 管理层讨论与分析 > 二、房地产业务 > （六）购置土地储备(全额数),（六）购置土地储备(全额数),新签合同额,,financial_field,"新签合同总额；45,458；45,027；1.0"
annual_cscec_2025_report_field_001420,28,第三节 管理层讨论与分析 > 二、房地产业务 > （六）购置土地储备(全额数),（六）购置土地储备(全额数),新签合同额,,financial_field,"（一）期内累计新签合同额；41,510；40,808；1.7；分行业 1. 房屋建筑；26,654；26,516；0.5"
annual_cscec_2025_report_field_001421,28,第三节 管理层讨论与分析 > 二、房地产业务 > （六）购置土地储备(全额数),（六）购置土地储备(全额数),合约销售额,,financial_field,"（一）期内合约销售额；3,948；4,219；-6.4；亿元人民币；其中：中海地产①；2,190；2,706；-19.0"
annual_cscec_2025_report_field_001422,28,第三节 管理层讨论与分析 > 二、房地产业务 > （六）购置土地储备(全额数),（六）购置土地储备(全额数),合约销售面积,,financial_field,"（二）期内合约销售面积；1,509；1,461；3.3；万平方米；其中：中海地产；762；800；-4.7"
annual_cscec_2025_report_field_001423,28,第三节 管理层讨论与分析 > 二、房地产业务 > （六）购置土地储备(全额数),（六）购置土地储备(全额数),合约销售额,,financial_field,（三）期末认购销售额；亿元人民币；123；144；-14.6
annual_cscec_2025_report_field_001424,28,第三节 管理层讨论与分析 > 二、房地产业务 > （六）购置土地储备(全额数),（六）购置土地储备(全额数),土地储备,,financial_field,"（五）期末土地储备②(全额数)；6,961；7,718；-9.8；万平方米；其中：中海地产；2,528；2,877；-12.1"
annual_cscec_2025_report_field_001425,28,第三节 管理层讨论与分析 > 二、房地产业务 > （六）购置土地储备(全额数),（六）购置土地储备(全额数),土地储备,,financial_field,（六）购置土地储备(全额数)；928；882；5.2；万平方米；其中：中海地产；499；416；20.0
annual_cscec_2025_report_field_001426,28,第三节 管理层讨论与分析 > 二、房地产业务 > （六）购置土地储备(全额数),（六）购置土地储备(全额数),土地储备,,financial_field,②期末土地储备=上年末土地储备 + 新购置土地储备 - 本期竣工面积 +（或-）项目调整面积。；中国建筑股份有限公司；24
annual_cscec_2025_report_field_001427,32,第三节 管理层讨论与分析 > 五、 报告期内主要经营情况 > ( 一) 主营业务分析 > 1. 利润表及现金流量表相关科目变动分析表,利润表及现金流量表相关科目变动分析表,营业收入,千元,financial_field,"营业收入；2,082,141,811；2,187,334,286；-4.8；营业成本；1,876,058,765；1,971,708,426；-4.9；销售费用；9,038,614"
annual_cscec_2025_report_field_001428,32,第三节 管理层讨论与分析 > 五、 报告期内主要经营情况 > ( 一) 主营业务分析 > 1. 利润表及现金流量表相关科目变动分析表,利润表及现金流量表相关科目变动分析表,研发投入,千元,financial_field,"研发费用；44,009,417；45,464,667；-3.2"
annual_cscec_2025_report_field_001429,32,第三节 管理层讨论与分析 > 五、 报告期内主要经营情况 > ( 一) 主营业务分析 > 1. 利润表及现金流量表相关科目变动分析表,利润表及现金流量表相关科目变动分析表,经营活动产生的现金流量净额,千元,financial_field,"经营活动产生的现金流量净额；20,537,132；15,825,793；29.8；投资活动产生的现金流量净额；╱；-32,150,028；-2,531,054；筹资活动产生的现金流量净额；11,579,358"
annual_cscec_2025_report_field_001430,32,第三节 管理层讨论与分析 > 五、 报告期内主要经营情况 > ( 一) 主营业务分析 > 1. 利润表及现金流量表相关科目变动分析表,利润表及现金流量表相关科目变动分析表,研发投入,千元,financial_field,"研发费用变动原因说明：主要是公司不断健全研发投入机制,优化研发投入结构,提升投入产出效率。；较好现金流水平。；他营业单位支付的现金净额增加所致。；适用 不适用；中国建筑股份有限公司；28"
annual_cscec_2025_report_field_001431,33,第三节 管理层讨论与分析 > 2. 收入和成本分析,所附财务报表,营业收入,千元,financial_field,"2. 收入和成本分析；适用 不适用；2025年,公司实现营业收入20,821亿元,同比减少4.8% ；发生营业成本18,761亿元,同比减少4.9%。；公司实现毛利润2,060亿元,同比降低4.4% ；毛利率9.9%,与上年同期持平。；收入确认方法等敬请参阅本报告第八节“财务报告”所附财务报表附注三、25“与客户之间的合同产生的收；入”相关内容。；(1). 主营业务分行业、分产品、分地区情况；单位：千元 币种：人民币；主营业务分行业情况"
annual_cscec_2025_report_field_001432,33,第三节 管理层讨论与分析 > 2. 收入和成本分析,所附财务报表,利率,千元,financial_field,"毛利率（%）；上年同期增减；上年同期增减；同期增减（%）；（%）；（%）；房屋建筑工程；增加1.0个百分点；1,234,205,792；1,129,949,766"
annual_cscec_2025_report_field_001433,33,第三节 管理层讨论与分析 > 2. 收入和成本分析,所附财务报表,利率,千元,financial_field,"毛利率（%）；上年同期增减；上年同期增减；同期增减（%）；（%）；（%）；境内；增加0.3个百分点；1,940,443,514；1,738,347,534"
annual_cscec_2025_report_field_001434,33,第三节 管理层讨论与分析 > 2. 收入和成本分析,所附财务报表,营业收入,千元,financial_field,近三年营业收入及占比情况；占比；2024年；占比；占比；分行业；2025年；2023年；（调整后）；(%)
annual_cscec_2025_report_field_001435,34,第三节 管理层讨论与分析 > 2. 收入和成本分析,所附财务报表,新签合同额,千元,financial_field,"新签合同额；•；26,654 亿元；房建业务稳固领先优势。报告期内,公司房建业务新签合同额26,654；亿元,同比增长0.5% ；实现营业收入12,342亿元,同比下降6.6% ；；实现毛利1,042.6亿元,同比增长6.5%。"
annual_cscec_2025_report_field_001436,34,第三节 管理层讨论与分析 > 2. 收入和成本分析,所附财务报表,营业收入,千元,financial_field,"营业收入；12,342 亿元；同额占比持续提升,住宅业务新签合同额占比下降至20.0%。从细分；领域看,工业厂房新签合同额8,885亿元,同比增长23.1%,合同额；占比33.3% ；承接了一批半导体、新能源、电子及通信、生物医药、；毛利；设施新签合同额4,225亿元,其中教育设施新签合同额1,813亿元,医"
annual_cscec_2025_report_field_001437,34,第三节 管理层讨论与分析 > 2. 收入和成本分析,所附财务报表,新签合同额,千元,financial_field,"设施新签合同额4,225亿元,其中教育设施新签合同额1,813亿元,医；1,042.6 亿元；疗建筑新签合同额1,292亿元；承接北京邮电大学沙河校区计算机学；助力推进公共服务设施升级。商业综合新签合同额3,786亿元,承接；广东东莞时代金融中心、温州市核心片区商务中心单元F-02地块等项"
annual_cscec_2025_report_field_001438,35,第三节 管理层讨论与分析 > 2. 收入和成本分析,所附财务报表,新签合同额,亿元,financial_field,房建业务细分领域新签合同额情况；单位：亿元 币种：人民币；序号；一级类别；二级类别；2025年；2024年；同比增长（%）；住宅；商品房等
annual_cscec_2025_report_field_001439,36,第三节 管理层讨论与分析 > 2. 收入和成本分析,所附财务报表,新签合同额,千元,financial_field,"新签合同额；基础设施建设与投资业务；•；14,728 亿元；基建业务持续稳健增长。报告期内,公司基建业务新签合同额14,728；亿元,同比增长4.1% ；实现营业收入5,432亿元,同比下降1.4% ；实；现毛利537.6亿元,同比下降2.7%。"
annual_cscec_2025_report_field_001440,36,第三节 管理层讨论与分析 > 2. 收入和成本分析,所附财务报表,营业收入,千元,financial_field,"营业收入；运等领域保持快速增长,能源工程新签合同占比上升至39.9%。从细；5,432 亿元；分领域看,能源工程新签合同额5,870亿元,同比增长17.2% ；在新；代表的能源工程项目。市政工程新签合同额2,611亿元,承接湖北武；毛利；等。交通运输工程新签合同额2,060亿元,承接弋阳至南丰高速公路"
annual_cscec_2025_report_field_001441,36,第三节 管理层讨论与分析 > 2. 收入和成本分析,所附财务报表,新签合同额,千元,financial_field,"等。交通运输工程新签合同额2,060亿元,承接弋阳至南丰高速公路；537.6 亿元；新建工程特许经营项目施工总承包、G85银昆高速、G93成渝地区环；区东方枢纽上海东站站前区A3-01地块新建工程等项目。水务及环保；新签合同额1,569亿元,承接山东日照市东港区涛雒镇海洋生态保护；与渔业融合发展EOD项目等。水利水运新签合同额721亿元,同比增；长32.4%,签约江苏连云港抽水蓄能电站业主营地建设工程、潍坊港；中港区5万吨级航道工程施工四标段等项目。"
annual_cscec_2025_report_field_001442,37,第三节 管理层讨论与分析 > 2. 收入和成本分析,所附财务报表,新签合同额,亿元,financial_field,基建业务细分领域新签合同额情况；单位：亿元 币种：人民币；序号；一级类别；二级类别；2025年；2024年；同比增长（%）；市政工程；市政道路、邮电通讯工程、防卫防灾工程等
annual_cscec_2025_report_field_001443,38,第三节 管理层讨论与分析 > 2. 收入和成本分析,所附财务报表,合约销售额,千元,financial_field,"合约销售额；房地产开发与投资业务；•；3,948 亿元；地产业务塑强竞争优势。报告期内,公司地产业务合约销售额3,948；亿元,同比下降6.4% ；合约销售面积1,509 万平方米,同比增长；3.3% ；实现营业收入2,844亿元,同比下降7.2% ；实现毛利410.3亿；元,同比下降22.5%。"
annual_cscec_2025_report_field_001444,38,第三节 管理层讨论与分析 > 2. 收入和成本分析,所附财务报表,营业收入,千元,financial_field,"营业收入；2,844 亿元"
annual_cscec_2025_report_field_001445,38,第三节 管理层讨论与分析 > 2. 收入和成本分析,所附财务报表,合约销售额,千元,financial_field,"下中海地产权益销售额、新增购地金额位居行业前列,中建壹品、中；毛利；410.3 亿元；院等项目持续热销。；公司全年新购置土地88宗,期末土地储备6,961万平方米,新增土地；储备928万平方米,总购地金额1,892亿元。新增土地储备全部位于"
annual_cscec_2025_report_field_001446,38,第三节 管理层讨论与分析 > 2. 收入和成本分析,所附财务报表,土地储备,千元,financial_field,"储备928万平方米,总购地金额1,892亿元。新增土地储备全部位于；产新购置土地35宗,新增土地储备499万平方米,购地金额1,187亿；元；中建地产新购置土地53宗,新增土地储备429万平方米,购地金；额705亿元。报告期内,公司实现房地产项目新开工面积975万平方；米,同比下降7.2% ；竣工面积1,622万平方米,同比下降0.6% ；在建；面积5,036万平方米,同比下降11.1%。；北京紫京宸园项目；中国建筑股份有限公司；34"
annual_cscec_2025_report_field_001447,39,第三节 管理层讨论与分析 > 2. 收入和成本分析,所附财务报表,总资产,千元,financial_field,"值1,567亿元,占公司总资产4.4%。区域分布上,持有型物业主要集中分布在一、二线城市及经济发达；城市,其中上海、北京、广东三大地区持有型物业净值占比超过50%。报告期内,公司依托商业、养；产组合,有效激发资产潜能,实现经营效益稳健增长,年内持有型物业实现收入76.9亿元。；敬请参阅本报告第八节“财务报告”财务报表附注五、8“存货”中“房地产开发成本”“房地产开发产品”、附；注五、32“合同负债”中“预售房产款”等相关内容。"
annual_cscec_2025_report_field_001448,39,第三节 管理层讨论与分析 > 2. 收入和成本分析,所附财务报表,土地储备,千元,financial_field,新增土地储备前十大城市；总建筑面积；序号；所在城市；购地金额（亿元）；金额占比（%）；规模占比（%）；（万平方米）；上海；1
annual_cscec_2025_report_field_001449,40,第三节 管理层讨论与分析 > 2. 收入和成本分析,所附财务报表,新签合同额,千元,financial_field,"勘察设计业务转型发展。报告期内,公司勘察设计业务新签合同额128亿元,同比下降10.0% ；实；现营业收入102亿元,同比下降6.0% ；实现毛利18.3亿元,同比下降19.4%。；计项目等。"
annual_cscec_2025_report_field_001450,40,第三节 管理层讨论与分析 > 2. 收入和成本分析,所附财务报表,新签合同额,千元,financial_field,"提升,境外业务新签合同额2,550亿元,同比增长15.2%,其中建筑业务新签合同额2,257亿元,；同比增长6.9% ；实现境外营业收入1,417亿元,同比增长19.4% ；实现毛利39.9亿元,同比下降；32.5%。；尼西亚巴淡岛数据中心、阿尔及利亚图古尔特省153兆瓦光伏发电站等项目。；中国建筑股份有限公司；36"
annual_cscec_2025_report_field_001451,41,第三节 管理层讨论与分析 > 2. 收入和成本分析,所附财务报表,营业收入,千元,financial_field,"公司其他业务主要为经营土地一级开发、机械设备租赁、工程监理等收入。报告期内,实现营业；收入401.6亿元,同比增长18.2% ；实现毛利59.9亿元,毛利率为14.9%,同比下降9.5个百分点。；敬请参阅本报告第八节“财务报告”财务报表附注五53、“营业收入和营业成本”、附注五66、“费用；按性质分类”、附注十五、1“分部报告”相关内容。；2025 年年度报告；37"
annual_cscec_2025_report_field_001452,43,第三节 管理层讨论与分析 > 2. 收入和成本分析,所附财务报表,合约销售额,亿元,financial_field,"前五名客户销售额478.5亿元,占年度全部销售总额2.3% ；其中前五名客户销售额中关联方销售额0亿；元,占年度销售总额0%。；报告期内,公司来自前五名供应商的采购金额435.4亿元,占年度采购总额3.0%,其中前五名供应商采；购额中关联方采购额0亿元,占年度采购总额0%。；B. 报告期内向单个客户的销售比例超过总额的50%、前5名客户中存在新增客户的或严重依赖于少数客；户的情形；适用 不适用；单位：亿元 币种：人民币；占年度销售；序号"
annual_cscec_2025_report_field_001453,43,第三节 管理层讨论与分析 > 2. 收入和成本分析,所附财务报表,合约销售额,千元,financial_field,销售额；备注；总额比例（%）；华润（集团）有限公司；╱；1；190.1；0.9；中国保利集团有限公司；╱
annual_cscec_2025_report_field_001454,44,第三节 管理层讨论与分析 > 4. 研发投入,研发投入情况表,研发投入,千元,financial_field,"2025年,公司销售费用、管理费用、财务费用及研发费用四项期间费用合计1,046亿元,同比下降；3.5%。四项费用占收入比5.0%,同比增加了0.1个百分点。；敬请参阅本报告第八节“财务报告”财务报表附注五、55“销售费用”、附注五、56“管理费用”、附注五、；57“研发费用”和附注五、58“财务费用”相关内容。"
annual_cscec_2025_report_field_001455,44,第三节 管理层讨论与分析 > 4. 研发投入,研发投入情况表,研发投入,千元,financial_field,57“研发费用”和附注五、58“财务费用”相关内容。
annual_cscec_2025_report_field_001456,44,第三节 管理层讨论与分析 > 4. 研发投入,研发投入情况表,研发投入,千元,financial_field,4. 研发投入；(1). 研发投入情况表；适用 不适用；单位：千元 币种：人民币
annual_cscec_2025_report_field_001457,44,第三节 管理层讨论与分析 > 4. 研发投入,研发投入情况表,研发投入,千元,financial_field,"本期费用化研发投入；44,009,417"
annual_cscec_2025_report_field_001458,44,第三节 管理层讨论与分析 > 4. 研发投入,研发投入情况表,研发投入,千元,financial_field,"研发投入合计；44,009,417"
annual_cscec_2025_report_field_001459,44,第三节 管理层讨论与分析 > 4. 研发投入,研发投入情况表,研发投入,千元,financial_field,研发投入总额占营业收入比例（%）；2.1
annual_cscec_2025_report_field_001460,44,第三节 管理层讨论与分析 > 4. 研发投入,研发投入情况表,研发投入,千元,financial_field,研发投入资本化的比重（%）；╱；中国建筑股份有限公司；40
annual_cscec_2025_report_field_001461,45,第三节 管理层讨论与分析 > 4. 研发投入,研发投入情况表,研发投入,千元,financial_field,研发投入占比；26.5%；20.5%；16.1%；12.9%；12.1%；11.9%；绿色低碳与建筑新能源；城市更新与城市运营；智能建造与数字化技术
annual_cscec_2025_report_field_001462,47,第三节 管理层讨论与分析 > 6. 融资情况,6. 融资情况,经营活动产生的现金流量净额,,financial_field,"公司经营活动现金净流入205.37亿元,同比增加净流入47.11亿元,主要是本年经营现金流量增加,由；公司投资活动现金净流出321.50亿元,同比增加净流出296.19亿元,主要是支付其他与投资活动有关的；公司筹资活动现金净流入115.79亿元,同比减少净流入35.31亿元,主要是发行债券收到的现金减少所致。；敬请参阅本报告第八节“财务报告”财务报表附注五、69“现金流量表项目注释”和附注五、70“现金流量表；补充资料”相关内容。"
annual_cscec_2025_report_field_001463,47,第三节 管理层讨论与分析 > 6. 融资情况,6. 融资情况,利率,,financial_field,"报告期内,公司深化运用宽松货币政策环境,全年新增银行借款利率与新发行债券利率同比均实现降；低,不断发挥低成本融资优势。截至报告期末,全公司带息负债总额9,302亿元,较年初增长主要是由；2025 年年度报告；43"
annual_cscec_2025_report_field_001464,51,第三节 管理层讨论与分析 > （三） 专业板块经营情况,专业板块经营情况,新签合同额,亿元,financial_field,"新发展。公司专业板块全年新签合同额7,179.3亿元,同比降低2.2% ；实现营业收入4,832.8亿元,同比；增长2.3% ；实现毛利319.6亿元,同比降低5.9% ；实现营业利润162.4亿元,同比降低7.7%。；“光储直柔”零碳立体车库；焊接机器人"
annual_cscec_2025_report_field_001465,52,第三节 管理层讨论与分析 > （四） 非主营业务导致利润重大变化的说明,（四） 非主营业务导致利润重大变化的说明,新签合同额,千元,financial_field,新签合同额；2025毛利；2025；2025
annual_cscec_2025_report_field_001466,52,第三节 管理层讨论与分析 > （四） 非主营业务导致利润重大变化的说明,（四） 非主营业务导致利润重大变化的说明,营业收入,千元,financial_field,营业收入；（%）；（%）；营业利润；（%）；安装；849.0；653.9；1.1；30.7
annual_cscec_2025_report_field_001467,52,第三节 管理层讨论与分析 > （四） 非主营业务导致利润重大变化的说明,（四） 非主营业务导致利润重大变化的说明,利率,千元,financial_field,毛利率（%）；营业利润率（%）；项目；板块名称；同比增减；同比增减；2025年；2024年；2025年；2024年
annual_cscec_2025_report_field_001468,53,第三节 管理层讨论与分析 > （五） 资产、负债情况分析 > 1. 资产及负债状况,1. 资产及负债状况,总资产,千元,financial_field,"总资产本年增加3,709亿元,主要是存货增加437亿元,应收账；款增加984亿元,合同资产增加1,436亿元,其他流动资产增加；货币资金本年减少128亿元,主要是资金使用需求上升,资金存；应收票据本年增加15亿元,主要是客户使用承兑汇票支付款项；应收款项融资本年减少20亿元,主要是本年客户使用银行承兑；预付款项本年增加111亿元,主要是本期新增土地储备,预付土；其他应收款本年增加66亿元,主要是因为本年新增日常业务所；存货本年增加437亿元,主要是房地产开发成本和建筑业原材料；合同资产本年增加1,436亿元,主要是部分房建及基建项目施工；一年内到期的非流动资产本年减少139亿元,主要是部分长期应"
annual_cscec_2025_report_field_001469,53,第三节 管理层讨论与分析 > （五） 资产、负债情况分析 > 1. 资产及负债状况,1. 资产及负债状况,流动资产,千元,financial_field,"一年内到期的非流动资产本年减少139亿元,主要是部分长期应；其他流动资产本年增加532亿元,主要是由于待抵扣进项税额增；长期应收款本年增加135亿元,主要是投资项目及基建、房建项；债权投资本年增加44亿元,主要是应收关联方贷款增加所致。；长期股权投资本年增加75亿元,主要是对外投资增加所致。；应收账款本年增加984亿元,主要是回款放缓所致。；进度加快,相应已完工未结算余额增加所致。；发生的应收代垫款以及其他往来款所致。；532亿元,长期应收款增加135亿元。；地款增加,尚未满足结转条件所致。"
annual_cscec_2025_report_field_001470,53,第三节 管理层讨论与分析 > （五） 资产、负债情况分析 > 1. 资产及负债状况,1. 资产及负债状况,总资产,千元,financial_field,"总资产的；3,189,774,343；424,425,658；2,328,094；317,144,080；3,575,355；24,341,057；68,235,576；772,168,289；445,400,720"
annual_cscec_2025_report_field_001471,53,第三节 管理层讨论与分析 > （五） 资产、负债情况分析 > 1. 资产及负债状况,1. 资产及负债状况,总资产,千元,financial_field,总资产的比例（%）；16.54；1.34；5.92；0.74；3.79；3.55；100.00；11.56；0.11
annual_cscec_2025_report_field_001472,53,第三节 管理层讨论与分析 > （五） 资产、负债情况分析 > 1. 资产及负债状况,1. 资产及负债状况,总资产,千元,financial_field,总资产；存货；2025 年年度报告；49
annual_cscec_2025_report_field_001473,54,第三节 管理层讨论与分析,第三节 管理层讨论与分析,流动资产,,financial_field,"其他非流动资产本年增加48亿元,主要是本期随项目结算,相；总负债同比增加3,204亿元,主要是短期借款增加545亿元,应；短期借款本年增加545亿元,主要是本年信用借款增加524亿所；应付票据本年减少44亿元,主要是本年到期兑付以及通过商业；合同负债本年增加324亿元,主要是已完工未结算和预收工程款；一年内到期的非流动负债本年增加61亿元,主要是由于一年内；其他流动负债较上年期末数增加438亿元,主要是短期融资券和；长期借款本年增加22亿元,主要为了满足房地产开发项目和；应付债券增加151亿元,主要本年新发行债券,用于房地产项目；长期应付款较上年期末数增加8亿元,主要是应付工程质量保证"
annual_cscec_2025_report_field_001474,54,第三节 管理层讨论与分析,第三节 管理层讨论与分析,流动负债,,financial_field,"付账款增加1,694亿元所致,其他流动负债增加438亿元所致。；PPP项目公司的资金需求增加借款所致。；到期的长期借款和应付债券增加所致。；合模式核算的PPP项目投资增加所致。；情况说明；应确权质保金有所增加所致。；票据支付的金额减少所致。；工程款及材料款增加所致。；投资建设及补充运营资金。；待转销项税增加所致。"
annual_cscec_2025_report_field_001475,54,第三节 管理层讨论与分析,第三节 管理层讨论与分析,总资产,,financial_field,"总资产的；14,623,910；7,293,820；156,271,918；35,323,710；352,602,811；2,417,792,878；115,745,796；16,103,080；828,088,617"
annual_cscec_2025_report_field_001476,54,第三节 管理层讨论与分析,第三节 管理层讨论与分析,总资产,,financial_field,总资产的比例（%）；10.04；76.90；4.78；0.33；28.01；10.61；3.57；4.36；14.79
annual_cscec_2025_report_field_001477,54,第三节 管理层讨论与分析,第三节 管理层讨论与分析,总负债,,financial_field,总负债；投资；资产；无；中国建筑股份有限公司；50
annual_cscec_2025_report_field_001478,55,第三节 管理层讨论与分析 > 4. 其他说明,4. 其他说明,总资产,亿元,financial_field,"其中：截至报告期末,公司境外资产2,306（单位：亿元 币种：人民币）,占总资产的比例为6.5%。；(2) 境外资产占比较高的相关说明；适用 不适用；(3) 境外资产相关说明；适用 不适用"
annual_cscec_2025_report_field_001479,60,第三节 管理层讨论与分析 > 400174.NQ,证券投资情况,流动资产,千元,financial_field,①本表填列公司交易性金融资产、其他流动资产、其他权益工具投资核算的股票证券投资情况。；注五、2“交易性金融资产”、附注五、15“其他权益工具投资”等相关内容。；私募基金投资情况；适用 不适用；单位：千元 币种：人民币；产品（被投资单位）全称；期初账面价值；期末账面价值；上海中忻慧地投资中心（有限合伙）
annual_cscec_2025_report_field_001480,61,第三节 管理层讨论与分析 > （九） 主要控股参股公司分析 > 2. 通过同一控制下的企业合并取得的重要子公司,2. 通过同一控制下的企业合并取得的重要子公司,总资产,千元,financial_field,"总资产；净资产；净利润；中海集团；投资控股；31,032,258；100.00；1,117,103,584；406,162,093；21,710,038"
annual_cscec_2025_report_field_001481,61,第三节 管理层讨论与分析 > （九） 主要控股参股公司分析 > 2. 通过同一控制下的企业合并取得的重要子公司,2. 通过同一控制下的企业合并取得的重要子公司,总资产,千元,financial_field,"总资产；净资产；净利润；中建新疆建工；建筑安装；3,603,530；85.00；68,684,421；15,043,067；-333,847"
annual_cscec_2025_report_field_001482,62,第三节 管理层讨论与分析 > （十） 公司控制的结构化主体情况,公司控制的结构化主体情况,总资产,千元,financial_field,"总资产；净资产；净利润；中国建筑兴业；建筑安装；1亿港币；43.75；10,842,350；2,442,607；208,103"
annual_cscec_2025_report_field_001483,62,第三节 管理层讨论与分析 > （十） 公司控制的结构化主体情况,公司控制的结构化主体情况,营业收入,千元,financial_field,"营业收入；营业利润；净利润；中海集团；子公司；投资控股；31,032,258；100.00；1,117,103,584；406,162,093"
annual_cscec_2025_report_field_001484,65,第三节 管理层讨论与分析 > （三） 经营计划,核心指标,新签合同额,,financial_field,"公司2026年计划实现新签合同额4.6万亿元,营业收入2.1万亿元。公司将坚持稳中求进工作总基调,；计划与业绩承诺之间的差异。；2025 年年度报告；61"
annual_cscec_2025_report_field_001485,67,"第三节 管理层讨论与分析 > 七、 公司因不适用准则规定或国家秘密、商业秘密等特殊原因,未按准则",披露的情况,利率,,financial_field,公司经营活动面临的各种金融风险包括市场风险（主要为外汇风险、利率风险和其他价格风险）、信用风；公司商誉及其减值情况敬请参阅本报告第八节“财务报告”财务报表附注五、22“商誉”相关内容。
annual_cscec_2025_report_field_001486,71,第四节 公司治理、环境和社会 > （二） 信息披露情况,信息披露情况,土地储备,,financial_field,"动态。在定期报告中,增加房建业务和基建业务细分领域数据、地产业务新增土地储备主要城市分布数；2025 年年度报告；67"
annual_cscec_2025_report_field_001487,72,第四节 公司治理、环境和社会 > （五） 其他事项说明,未发生重大违反相关制度的情况,现金红利,,financial_field,"效提振市场信心。坚持长期稳定的分红政策,2024年度公司实现现金分红112.18亿元,现金分红比率达；24.29%,持续稳居建筑央企第一；截至2025年底,公司累计现金分红规模已达1,040.47亿元,位居建"
annual_cscec_2025_report_field_001488,73,第四节 公司治理、环境和社会 > 二、 公司控股股东、实际控制人在保证公司资产、人员、财务、机构、业,实际控制人及其控制的其他单位从事与公司相同或者相近业务的情况,营业收入,万股,financial_field,建筑最近一期经审计的资产总额、营业收入、净利润占中建集团相应指标的比重均超过99%。报告期；2025 年年度报告；69
annual_cscec_2025_report_field_001489,85,第四节 公司治理、环境和社会 > 八、 利润分配或资本公积转增预案 > ( 一) 现金分红政策的制定、执行或调整情况 > 2. 报告期内现金分红政策的执行情况,报告期内现金分红政策的执行情况,现金红利,,financial_field,"利；公司应优先采用现金分红的利润分配方式,同时在经营情况良好,并且董事会认为公司股票价格与；15%。"
annual_cscec_2025_report_field_001490,85,第四节 公司治理、环境和社会 > 八、 利润分配或资本公积转增预案 > ( 一) 现金分红政策的制定、执行或调整情况 > 2. 报告期内现金分红政策的执行情况,报告期内现金分红政策的执行情况,现金红利,,financial_field,"2. 报告期内现金分红政策的执行情况；2025年5月23日,公司2024年年度股东会以现场记名投票与网络投票相结合的方式审议通过了《关于中；国建筑股份有限公司2024年度利润分配方案的议案》；2025年7月10日,公司发布《中国建筑股份有限；公司2024年年度权益分派实施公告》；2025年7月17日,公司向全体股东派发现金红利,2024年度利润；2025 年年度报告；81"
annual_cscec_2025_report_field_001491,86,第四节 公司治理、环境和社会 > 4. 公司本年度拟分配的现金红利相关情况说明,公司本年度拟分配的现金红利相关情况,现金红利,,financial_field,"润为557.69亿元,上市公司拟向全体股东每10股派发现金红利2.718元（含税）。以截至本报告披露日的；总股本41,320,390,444股为基数,以此计算合计拟派发现金红利约112.31亿元（含税）。本年度公司现；金分红占合并报表归属于母公司股东净利润的比例为28.75%。如在实施权益分派股权登记日前公司总股；上述利润分配预案已经公司第四届董事会第三十三次会议审议通过,预案尚需经公司2025年年度股东会；审议批准。公司2025年年度股东会拟采取现场记名投票与网络投票相结合的方式,从而确保中小股东有"
annual_cscec_2025_report_field_001492,86,第四节 公司治理、环境和社会 > 4. 公司本年度拟分配的现金红利相关情况说明,公司本年度拟分配的现金红利相关情况,现金红利,,financial_field,"4. 公司本年度拟分配的现金红利相关情况说明；（1）公司所处行业情况及特点；建筑行业增加值占GDP比例长期保持在6%以上,是国民经济的支柱产业,行业发展根基总体稳固。近；（2）公司发展阶段和自身经营模式"
annual_cscec_2025_report_field_001493,86,第四节 公司治理、环境和社会 > 4. 公司本年度拟分配的现金红利相关情况说明,公司本年度拟分配的现金红利相关情况,加权平均净资产收益率,,financial_field,"自上市以来,公司净资产收益率一直维持在行业较高水平,利润规模始终保持在央企前列,为股东创造；（4）公司保留一定比例留存未分配利润的原因；中国建筑股份有限公司；82"
annual_cscec_2025_report_field_001494,87,第四节 公司治理、环境和社会 > ( 三) 现金分红政策的专项说明,中小股东是否有充分表,现金红利,千元,financial_field,（6）公司为中小股东参与现金分红决策提供便利情况
annual_cscec_2025_report_field_001495,87,第四节 公司治理、环境和社会 > ( 三) 现金分红政策的专项说明,中小股东是否有充分表,现金红利,千元,financial_field,"互动平台提问等多种方式来表达对现金分红政策的意见和诉求。在公司年度股东会上,中小股东可通过；东关心的问题。；（7）公司为增强投资者回报水平拟采取的措施；公司按照《上市公司监管指引第3号―― 上市公司现金分红》等法律法规、规范性文件和《公司章程》的规；化利润分配方案,增厚投资者回报。"
annual_cscec_2025_report_field_001496,87,第四节 公司治理、环境和社会 > ( 三) 现金分红政策的专项说明,中小股东是否有充分表,资本公积金转增股本,千元,financial_field,( 二) 公司近五年（含报告期）的普通股股利分配方案或预案、资本公积金转增股本方案或预案；单位：千元 币种：人民币；分红年度合并；占合并报表中；每10股送红股数；每10股派息数；每10股转增数
annual_cscec_2025_report_field_001497,88,第四节 公司治理、环境和社会 > ( 六) 最近三个会计年度现金分红情况,最近三个会计年度现金分红情况,资本公积金转增股本,千元,financial_field,( 五) 本报告期利润分配及资本公积金转增股本预案；适用 不适用；单位：千元 币种：人民币；每10股送红股数（股）；╱；每10股派息数（元）；（含税）；2.718；每10股转增数（股）；╱
annual_cscec_2025_report_field_001498,88,第四节 公司治理、环境和社会 > ( 六) 最近三个会计年度现金分红情况,最近三个会计年度现金分红情况,现金红利,千元,financial_field,"现金分红金额（含税）；11,230,882；39,069,002；28.75"
annual_cscec_2025_report_field_001499,88,第四节 公司治理、环境和社会 > ( 六) 最近三个会计年度现金分红情况,最近三个会计年度现金分红情况,现金红利,千元,financial_field,"以现金方式回购股份计入现金分红的金额；╱；合计分红金额（含税）；11,230,882；28.75"
annual_cscec_2025_report_field_001500,88,第四节 公司治理、环境和社会 > ( 六) 最近三个会计年度现金分红情况,最近三个会计年度现金分红情况,现金红利,千元,financial_field,"( 六) 最近三个会计年度现金分红情况；适用 不适用；单位：千元 币种：人民币；最近三个会计年度累计现金分红金额（含税）(1)；33,747,104；最近三个会计年度累计回购并注销金额(2)；╱；最近三个会计年度现金分红和回购并注销累计金额(3)=(1)+(2)；33,747,104；最近三个会计年度年均净利润金额(4)"
annual_cscec_2025_report_field_001501,88,第四节 公司治理、环境和社会 > ( 六) 最近三个会计年度现金分红情况,最近三个会计年度现金分红情况,现金红利,千元,financial_field,"最近三个会计年度现金分红比例（%）(5)=(3)/(4)；72.56；39,069,002；最近一个会计年度母公司报表年度末未分配利润；55,768,900"
annual_cscec_2025_report_field_001502,88,第四节 公司治理、环境和社会 > ( 六) 最近三个会计年度现金分红情况,最近三个会计年度现金分红情况,现金红利,千元,financial_field,上市至今现金分红情况；28.75%；24.29%；23.00%；23.00%；21.59%；20.82%；21.00%；20.80%；20.40%
annual_cscec_2025_report_field_001503,88,第四节 公司治理、环境和社会 > ( 六) 最近三个会计年度现金分红情况,最近三个会计年度现金分红情况,现金红利,千元,financial_field,每股派息（元）；派息比例；中国建筑股份有限公司；84
annual_cscec_2025_report_field_001504,96,第五节 重要事项 > 一、 承诺事项履行情况,承诺事项履行情况,营业收入,,financial_field,"确认收入的部分,如未来汇算清缴土地增值税时需补交土地增；阅中海物业集团于2015年10月14日发布的《上市文件－本公；公司相关附属企业现有名称之下的相关手续。；承诺内容；值税,由中建总公司承担。"
annual_cscec_2025_report_field_001505,104,第五节 重要事项 > （二） 担保情况,公司对外担保情况,到期日,千元,financial_field,担保到期日；2034/9/27；2034/9/27；2034/9/27；2034/9/27；2034/9/27；2034/9/27；2034/9/27；2034/9/27；2034/9/27
annual_cscec_2025_report_field_001506,105,第五节 重要事项 > （二） 担保情况,公司对外担保情况,到期日,,financial_field,担保到期日；2034/9/27；2034/9/27；2034/9/27；2034/9/27；2034/9/27；2026/4/20；2030/4/29；2027/4/30；2041/3/20
annual_cscec_2025_report_field_001507,106,第五节 重要事项 > （二） 担保情况,公司对外担保情况,到期日,,financial_field,担保到期日；2033/5/21；公司对外担保情况（不包括对子公司的担保）；2044/8/8；2030/1/6；2030/1/6；公司担保总额情况（包括对子公司的担保）；公司及其子公司对子公司的担保情况；2021/12/28；担保起始日
annual_cscec_2025_report_field_001508,106,第五节 重要事项 > （二） 担保情况,公司对外担保情况,资产负债率,,financial_field,直接或间接为资产负债率超过70%的被担保对象提供的债务担保金额(D)；担保方与上市；公司的关系；控股子公司；控股子公司；控股子公司；控股子公司
annual_cscec_2025_report_field_001509,106,第五节 重要事项 > （二） 担保情况,公司对外担保情况,归属于上市公司股东的净资产,,financial_field,担保总额超过归母净资产50%部分的金额(E)；未到期担保可能承担连带清偿责任说明
annual_cscec_2025_report_field_001510,114,第六节 股份变动及股东情况 > 三、股份总数 > 4、其他,4、其他,送红股,股,financial_field,"送股；发行新股；0.70；0.70；0.70；99.30；99.30；100.00；比例(%)；截至报告期末,公司股本结构发生如下变化："
annual_cscec_2025_report_field_001511,116,第六节 股份变动及股东情况 > 三、 股东和实际控制人情况 > （一） 股东总数,截止报告期末表,利率,千元,financial_field,（或利率）；发行金额；上市日期；交易数量金额；终止日期；25中建MTN001（科创债）；╱；2025-11-21；2.05%
annual_cscec_2025_report_field_001512,117,第六节 股份变动及股东情况 > （二） 截至报告期末前十名股东、前十名流通股东（或无限售条件股东）持股情况表,持股情况表,期末总股本,股,financial_field,"112,185,388股A股股份,占公司总股本比例约为0.27%,增持总金额约为623,206,575.04元（不含税费）,上述增持计划已实；（临2025-060）。；2025 年年度报告；113"
annual_cscec_2025_report_field_001513,123,第七节 债券相关情况 > 6. 公司债券其他情况的说明,公司债券其他情况,利率,千元,financial_field,"利率(%)；2,108,640.00；3,514,400.00；3,514,400.00；1,900,000.00；3,514,400.00；1,757,200.00；5,271,600.00；3,162,960.00；2,066,467.20"
annual_cscec_2025_report_field_001514,123,第七节 债券相关情况 > 6. 公司债券其他情况的说明,公司债券其他情况,发行规模,千元,financial_field,发行规模╱；当前规模；2026-12-20；2042-11-15；2043-10-29；2034-06-11；2026-08-23；2027-07-05；2027-11-29；2028-04-26
annual_cscec_2025_report_field_001515,123,第七节 债券相关情况 > 6. 公司债券其他情况的说明,公司债券其他情况,到期日,千元,financial_field,到期日；2021-11-25；2021-12-20；2012-11-15；2013-10-29；2014-06-11；2016-08-23；2017-07-05；2017-11-29；2018-04-26
annual_cscec_2025_report_field_001516,123,第七节 债券相关情况 > 6. 公司债券其他情况的说明,公司债券其他情况,起息日,千元,financial_field,起息日；2021-08-06；2021-11-24；2021-12-17；2012-11-15；2013-10-29；2014-06-11；2016-08-22；2017-07-05；2017-11-29
annual_cscec_2025_report_field_001517,124,第七节 债券相关情况 > 6. 公司债券其他情况的说明,公司债券其他情况,利率,,financial_field,"利率(%)；1,000,000.00；1,500,000.00；500,000.00；1,500,000.00；1,700,000.00；1,100,000.00；1,500,000.00；1,500,000.00；1,300,000.00"
annual_cscec_2025_report_field_001518,124,第七节 债券相关情况 > 6. 公司债券其他情况的说明,公司债券其他情况,发行规模,,financial_field,发行规模╱；当前规模；2026-11-07；2028-11-07；2028-12-12；2027-04-07；2027-05-10；2027-09-20；2027-12-20；2026-06-20
annual_cscec_2025_report_field_001519,124,第七节 债券相关情况 > 6. 公司债券其他情况的说明,公司债券其他情况,到期日,,financial_field,到期日；2023-09-21；2023-12-19；2023-10-25；2023-11-07；2023-11-07；2023-12-12；2022-04-07；2022-05-10；2022-09-20
annual_cscec_2025_report_field_001520,124,第七节 债券相关情况 > 6. 公司债券其他情况的说明,公司债券其他情况,起息日,,financial_field,起息日；2022-12-19；2023-11-08；2023-09-19；2023-12-15；2023-10-25；2023-11-03；2023-11-03；2023-12-08；2022-04-06
annual_cscec_2025_report_field_001521,125,第七节 债券相关情况 > 6. 公司债券其他情况的说明,公司债券其他情况,利率,,financial_field,"利率(%)；2,000,000.00；3,000,000.00；1,000,000.00；2,000,000.00；1,500,000.00；1,500,000.00；1,000,000.00；1,000,000.00；1,000,000.00"
annual_cscec_2025_report_field_001522,125,第七节 债券相关情况 > 6. 公司债券其他情况的说明,公司债券其他情况,发行规模,,financial_field,发行规模╱；当前规模；2029-04-23；2029-04-24；2029-04-24；2027-05-06；2027-05-06；2029-08-28；2027-09-18；2027-09-20
annual_cscec_2025_report_field_001523,125,第七节 债券相关情况 > 6. 公司债券其他情况的说明,公司债券其他情况,到期日,,financial_field,到期日；2024-04-23；2024-04-24；2024-04-24；2024-05-06；2024-05-06；2024-08-28；2024-09-18；2024-09-20；2024-09-20
annual_cscec_2025_report_field_001524,125,第七节 债券相关情况 > 6. 公司债券其他情况的说明,公司债券其他情况,起息日,,financial_field,起息日；2024-04-19；2024-04-22；2024-04-22；2024-04-29；2024-04-26；2024-08-26；2024-09-12；2024-09-18；2024-09-18
annual_cscec_2025_report_field_001525,126,第七节 债券相关情况 > （二） 公司债券募集资金情况,公司债券募集资金情况,利率,千元,financial_field,"利率(%)；500,000.00；1,000,000.00；800,000.00；2,500,000.00；2,500,000.00；800,000.00；900,000.00；1,100,000.00；500,000.00"
annual_cscec_2025_report_field_001526,126,第七节 债券相关情况 > （二） 公司债券募集资金情况,公司债券募集资金情况,发行规模,千元,financial_field,发行规模╱；当前规模；2029-01-14；2031-01-14；2029-03-05；2035-04-29；2030-04-29；2028-08-12；2030-08-12；2030-09-19
annual_cscec_2025_report_field_001527,126,第七节 债券相关情况 > （二） 公司债券募集资金情况,公司债券募集资金情况,到期日,千元,financial_field,到期日；2025-12-22；2026-01-14；2026-01-14；2026-03-05；2025-04-29；2025-04-29；2025-08-12；2025-08-12；2025-09-19
annual_cscec_2025_report_field_001528,126,第七节 债券相关情况 > （二） 公司债券募集资金情况,公司债券募集资金情况,起息日,千元,financial_field,起息日；2025-08-08；2025-10-17；2025-12-17；2026-01-12；2026-01-12；2026-03-03；2025-04-25；2025-04-25；2025-08-08
annual_cscec_2025_report_field_001529,127,第七节 债券相关情况 > （四） 报告期内公司债券相关重要事项 > 1. 非金融企业债务融资工具基本情况,非金融企业债务融资工具基本情况,流动负债,千元,financial_field,"敬请参阅本报告第八节“财务报告”财务报表附注五、36“一年内到期的非流动负债”,附注五、39“应付债券”,附注五、47“其他权益工具”等相；单位：千元 币种：人民币；上市交易的风险；是否存在终止；否；否；否；否；否；否"
annual_cscec_2025_report_field_001530,127,第七节 债券相关情况 > （四） 报告期内公司债券相关重要事项 > 1. 非金融企业债务融资工具基本情况,非金融企业债务融资工具基本情况,利率,千元,financial_field,"利率(%)；3,000,000.00；3,000,000.00；3,000,000.00；3,000,000.00；3,000,000.00；4,000,000.00；债券余额；2024-04-25 2024-04-29 2034-04-29；2024-06-12 2024-06-14 2034-06-14"
annual_cscec_2025_report_field_001531,127,第七节 债券相关情况 > （四） 报告期内公司债券相关重要事项 > 1. 非金融企业债务融资工具基本情况,非金融企业债务融资工具基本情况,到期日,千元,financial_field,到期日；2023-7-13；2023-8-14；2023-6-21
annual_cscec_2025_report_field_001532,130,第七节 债券相关情况 > 7. 非金融企业债务融资工具其他情况的说明,非金融企业债务融资工具其他情况,利率,千元,financial_field,"利率(%)；110,000.00；1,000,000.00；1,200,000.00；1,000,000.00；1,000,000.00；2,000,000.00；1,040,000.00；1,000,000.00；2,000,000.00"
annual_cscec_2025_report_field_001533,130,第七节 债券相关情况 > 7. 非金融企业债务融资工具其他情况的说明,非金融企业债务融资工具其他情况,发行规模,千元,financial_field,发行规模╱；当前规模；2026-12-20；2026-12-20；2027-01-14；2027-02-23；2027-05-27；2027-07-25；2027-08-19；2027-10-27
annual_cscec_2025_report_field_001534,130,第七节 债券相关情况 > 7. 非金融企业债务融资工具其他情况的说明,非金融企业债务融资工具其他情况,到期日,千元,financial_field,到期日；2021-12-20；2021-12-20；2022-01-14；2022-02-23；2022-05-27；2022-07-25；2022-08-19；2022-10-27；2022-12-14
annual_cscec_2025_report_field_001535,130,第七节 债券相关情况 > 7. 非金融企业债务融资工具其他情况的说明,非金融企业债务融资工具其他情况,起息日,千元,financial_field,起息日；2022-12-12；2022-12-12；2021-12-16；2021-12-16；2022-01-12；2022-02-21；2022-05-25；2022-07-21；2022-08-17
annual_cscec_2025_report_field_001536,131,第七节 债券相关情况 > 7. 非金融企业债务融资工具其他情况的说明,非金融企业债务融资工具其他情况,利率,千元,financial_field,"利率(%)；1,000,000.00；1,700,000.00；1,200,000.00；1,000,000.00；500,000.00；600,000.00；1,500,000.00；1,500,000.00；1,300,000.00"
annual_cscec_2025_report_field_001537,131,第七节 债券相关情况 > 7. 非金融企业债务融资工具其他情况的说明,非金融企业债务融资工具其他情况,发行规模,千元,financial_field,发行规模╱；当前规模；2026-11-02；2026-11-17；2026-09-04；2026-09-20；2026-11-08；2026-11-27；2026-09-20；2026-10-16
annual_cscec_2025_report_field_001538,131,第七节 债券相关情况 > 7. 非金融企业债务融资工具其他情况的说明,非金融企业债务融资工具其他情况,到期日,千元,financial_field,到期日；2023-11-02；2023-11-17；2023-09-04；2023-09-20；2023-11-08；2023-11-27；2023-09-20；2023-10-16；2023-11-22
annual_cscec_2025_report_field_001539,131,第七节 债券相关情况 > 7. 非金融企业债务融资工具其他情况的说明,非金融企业债务融资工具其他情况,起息日,千元,financial_field,起息日；23中建海峡MTN001（科创票据）2023-11-01；23中建七局MTN002（科创票据）2023-11-15；2023-08-31；23中建六局MTN001（科创票据）2023-09-18；23中建六局MTN002（科创票据）2023-11-06；23中建六局MTN003（科创票据）2023-11-23；23中建三局MTN001（科创票据）2023-09-18；2023-10-12；23中建四局MTN001（科创票据）2023-11-20
annual_cscec_2025_report_field_001540,132,第七节 债券相关情况 > 7. 非金融企业债务融资工具其他情况的说明,非金融企业债务融资工具其他情况,利率,千元,financial_field,"利率(%)；2,000,000.00；1,200,000.00；2,000,000.00；1,500,000.00；1,500,000.00；1,500,000.00；1,300,000.00；600,000.00；500,000.00"
annual_cscec_2025_report_field_001541,132,第七节 债券相关情况 > 7. 非金融企业债务融资工具其他情况的说明,非金融企业债务融资工具其他情况,发行规模,千元,financial_field,发行规模╱；当前规模；2028-08-11；2030-08-12；2026-05-05；2027-09-13；2027-09-13；2027-09-26；2027-10-23；2027-11-19
annual_cscec_2025_report_field_001542,132,第七节 债券相关情况 > 7. 非金融企业债务融资工具其他情况的说明,非金融企业债务融资工具其他情况,到期日,千元,financial_field,到期日；2025-06-16；2025-07-23；2025-04-14；2025-04-14；2025-04-14；2025-07-14；2025-08-11；2025-08-12；2025-08-08
annual_cscec_2025_report_field_001543,132,第七节 债券相关情况 > 7. 非金融企业债务融资工具其他情况的说明,非金融企业债务融资工具其他情况,起息日,千元,financial_field,起息日；2025-01-10；2025-06-12；2025-07-21；2025-07-03；2025-04-11；2025-04-11；2025-04-11；2025-07-11；2025-08-08
annual_cscec_2025_report_field_001544,133,第七节 债券相关情况 > 7. 非金融企业债务融资工具其他情况的说明,非金融企业债务融资工具其他情况,利率,千元,financial_field,"利率(%)；1,500,000.00；500,000.00；1,000,000.00；1,000,000.00；900,000.00；900,000.00；800,000.00；500,000.00；500,000.00"
annual_cscec_2025_report_field_001545,133,第七节 债券相关情况 > 7. 非金融企业债务融资工具其他情况的说明,非金融企业债务融资工具其他情况,发行规模,千元,financial_field,发行规模╱；当前规模；2030-08-25；2040-08-25；2035-08-08；2030-09-23；2026-06-03；2026-06-12；2026-06-16；2035-10-15
annual_cscec_2025_report_field_001546,133,第七节 债券相关情况 > 7. 非金融企业债务融资工具其他情况的说明,非金融企业债务融资工具其他情况,到期日,千元,financial_field,到期日；2025-08-25；2025-08-25；2025-08-08；2025-09-23；2025-09-16；2025-09-17；2025-09-19；2025-10-15；2025-10-17
annual_cscec_2025_report_field_001547,133,第七节 债券相关情况 > 7. 非金融企业债务融资工具其他情况的说明,非金融企业债务融资工具其他情况,起息日,千元,financial_field,起息日；2025-08-22；2025-08-22；2025-08-07；2025-09-22；2025-09-15；2025-09-16；2025-09-18；2025-10-13；2025-10-15
annual_cscec_2025_report_field_001548,134,第七节 债券相关情况 > 7. 非金融企业债务融资工具其他情况的说明,非金融企业债务融资工具其他情况,利率,千元,financial_field,"利率(%)；敬请参阅本报告第八节“财务报告”财务报表附注五、36“一年内到期的非流动负债”,附注五、39“应付债券”等相关内容。；1,500,000.00；500,000.00；1,000,000.00；3,000,000.00；3,000,000.00；3,000,000.00；2,000,000.00；600,000.00"
annual_cscec_2025_report_field_001549,134,第七节 债券相关情况 > 7. 非金融企业债务融资工具其他情况的说明,非金融企业债务融资工具其他情况,发行规模,千元,financial_field,发行规模╱；当前规模；2031-04-10；2027-01-10；2026-08-28；2026-10-11；2031-01-15；2026-04-17；2026-06-19；2026-04-24
annual_cscec_2025_report_field_001550,134,第七节 债券相关情况 > 7. 非金融企业债务融资工具其他情况的说明,非金融企业债务融资工具其他情况,到期日,千元,financial_field,到期日；2026-04-10；2026-04-15；2026-01-06；2026-01-14；2026-01-15；2026-01-19；2026-01-22；2026-01-26；2026-01-29
annual_cscec_2025_report_field_001551,134,第七节 债券相关情况 > 7. 非金融企业债务融资工具其他情况的说明,非金融企业债务融资工具其他情况,起息日,千元,financial_field,起息日；2026-04-09；2026-04-14；2026-01-05；2026-01-13；2026-01-14；2026-01-16；2026-01-21；2026-01-23；2026-01-28
annual_cscec_2025_report_field_001552,135,第七节 债券相关情况 > 二、 可转换公司债券情况,可转换公司债券情况,资产负债率,千元,financial_field,资产负债率(%)；增加1.1个百分点
annual_cscec_2025_report_field_001553,135,第七节 债券相关情况 > 二、 可转换公司债券情况,可转换公司债券情况,总负债,千元,financial_field,总负债增加；76.9；75.8；EBITDA全部债务比(%)；减少2.5个百分点；全部债务增加；11.2；13.7；利息保障倍数；持平
annual_cscec_2025_report_field_001554,138,审计报告 > 2.净资产收益率和每股收益,2.净资产收益率和每股收益,所有者权益,,financial_field,合并股东权益变动表；13；-；14；合并现金流量表；15；-；16；公司资产负债表；17
annual_cscec_2025_report_field_001555,138,审计报告 > 2.净资产收益率和每股收益,2.净资产收益率和每股收益,所有者权益,,financial_field,公司股东权益变动表；21；-；22；公司现金流量表；23；-；24；财务报表附注；25
annual_cscec_2025_report_field_001556,138,审计报告 > 2.净资产收益率和每股收益,2.净资产收益率和每股收益,加权平均净资产收益率,,financial_field,2.净资产收益率和每股收益；1
annual_cscec_2025_report_field_001557,139,审计报告 > 三、关键审计事项,认为对本年财务报表,所有者权益,,financial_field,"司资产负债表,2025年度的合并及公司利润表、股东权益变动表和现金流量表以及相；关财务报表附注。；计准则的规定编制,公允反映了中国建筑股份有限公司2025年12月31日的合并及公司；财务状况以及2025年度的合并及公司经营成果和现金流量。"
annual_cscec_2025_report_field_001558,140,审计报告 > 三、关键审计事项（续）,露信息见财务报表,营业收入,,financial_field,"工程承包合同收入确认的会计政策和披；根据已发生合同成本和合同预计总成；露信息见财务报表附注三、25及35以及；本重新计算履约进度,并根据预计总；附注五、53。"
annual_cscec_2025_report_field_001559,140,审计报告 > 三、关键审计事项（续）,露信息见财务报表,营业收入,,financial_field,我们同时关注了对工程承包合同收入披露；的充分性。；2
annual_cscec_2025_report_field_001560,163,审计报告 > 二、 财务报表的编制基础,财务报表,期末总股本,,financial_field,"本公司的总股本为约413亿元,每股面值1元。截至2025年12月31日,中建集团；持有本公司股份数量约为2,384,373万股,约占本公司已发行总股份的57.70%。；本财务报表业经本公司董事会于2026年4月17日决议批准报出。"
annual_cscec_2025_report_field_001561,164,审计报告 > 三、 重要会计政策及会计估计,年度的合并及公司财务报表,营业收入,,financial_field,"收款项及合同资产的预期信用损失的计量、存货计价方法、收入确认和计量；等。；1.；遵循企业会计准则的声明；本集团2025年度的合并及公司财务报表符合企业会计准则的要求,真实、完整；地反映了本公司及本集团于2025年12月31日财务状况以及2025年度的经营成果；和现金流量。；2.；会计期间；本集团会计年度采用公历年度,即每年自1月1日起至12月31日止。"
annual_cscec_2025_report_field_001562,164,审计报告 > 三、 重要会计政策及会计估计,年度的合并及公司财务报表,营业收入,,financial_field,"子公司资产总额、营业收入或利润总额之一占合并财务报；表相应项目5%以上的,或者虽不具有财务重大性,但；重要的子公司；在风险、报酬及战略等方面于集团具有重要影响"
annual_cscec_2025_report_field_001563,164,审计报告 > 三、 重要会计政策及会计估计,年度的合并及公司财务报表,所有者权益,,financial_field,存在重要少数股东权益的子公司；子公司的少数股东权益占集团净资产0.5%以上；重要的合营企业和联营企业；资产1%以上；重要的商誉和商誉减值准备；单项商誉金额大于5亿元、商誉减值准备大于2亿元；26
annual_cscec_2025_report_field_001564,166,审计报告 > 三、 重要会计政策及会计估计（续）,制方财务报表,所有者权益,,financial_field,"不丧失控制权情况下,少数股东权益发生变化作为权益性交易。；同时,从本集团的角度对该交易予以调整。；7.；合营安排分类及共同经营；资产享有权利的合营安排。"
annual_cscec_2025_report_field_001565,166,审计报告 > 三、 重要会计政策及会计估计（续）,制方财务报表,营业收入,,financial_field,额确认共同承担的负债；确认出售其享有的共同经营产出份额所产生的收入；；及按其份额确认共同经营发生的费用。；28
annual_cscec_2025_report_field_001566,167,审计报告 > 三、 重要会计政策及会计估计（续）,制方财务报表,营业收入,,financial_field,"中的收入和费用项目,采用交易发生当期平均汇率（除非汇率波动使得采用该；算。；列报。；29"
annual_cscec_2025_report_field_001567,169,审计报告 > 三、 重要会计政策及会计估计（续）,制方财务报表,利率,,financial_field,资产采用实际利率法确认利息收入。除利息收入、减值损失及汇兑差额确认为；益。；31
annual_cscec_2025_report_field_001568,170,审计报告 > 三、 重要会计政策及会计估计（续）,制方财务报表,营业收入,,financial_field,"其变动计入其他综合收益的金融资产,仅将相关股利收入（明确作为投资成本；以公允价值计量且其变动计入当期损益的金融资产；动计入当期损益。；（3） 金融负债分类和计量"
annual_cscec_2025_report_field_001569,170,审计报告 > 三、 重要会计政策及会计估计（续）,制方财务报表,利率,,financial_field,"对于此类金融负债,采用实际利率法,按照摊余成本进行后续计量。；32"
annual_cscec_2025_report_field_001570,171,审计报告 > 三、 重要会计政策及会计估计（续）,制方财务报表,利率,,financial_field,照摊余成本和实际利率计算利息收入。对于资产负债表日只具有较低信用风险；参见附注十、1。；未来经济状况预测的合理且有依据的信息。；33
annual_cscec_2025_report_field_001571,174,审计报告 > 三、 重要会计政策及会计估计（续）,制方财务报表,营业收入,,financial_field,的预期信用损失准备金额和初始确认金额扣除按照收入确认原则确定的累计摊；销额后的余额两者孰高者进行后续计量。；（7） 金融资产转移；认该金融资产。
annual_cscec_2025_report_field_001572,175,审计报告 > 三、 重要会计政策及会计估计（续）,制方财务报表,流动资产,,financial_field,持有待售的非流动资产；准）。；37
annual_cscec_2025_report_field_001573,177,审计报告 > 三、 重要会计政策及会计估计（续）,制方财务报表,所有者权益,,financial_field,"益、其他综合收益和利润分配以外股东权益的其他变动,调整长期股权投资的；账面价值并计入股东权益。；14.；投资性房地产；房地产成本。否则,于发生时计入当期损益。"
annual_cscec_2025_report_field_001574,179,审计报告 > 三、 重要会计政策及会计估计（续）,制方财务报表,利率,,financial_field,"加权平均数乘以所占用一般借款的加权平均利率计算确定。；销售状态必要的程序之外的非正常中断、且中断时间连续超过3个月的,暂停借；至资产的购建或者生产活动重新开始。；18.；无形资产；（1） 无形资产使用寿命"
annual_cscec_2025_report_field_001575,179,审计报告 > 三、 重要会计政策及会计估计（续）,制方财务报表,营业收入,,financial_field,"收入金额,超过有权收取可确定金额的现金（或其他金融资产）的差额,确认；41"
annual_cscec_2025_report_field_001576,182,审计报告 > 三、 重要会计政策及会计估计（续）,制方财务报表,所有者权益,,financial_field,"表中立即确认,并在其发生期间通过其他综合收益计入股东权益,后续期间不；的利息费用以及资产上限影响的利息。；（4） 辞退福利"
annual_cscec_2025_report_field_001577,182,审计报告 > 三、 重要会计政策及会计估计（续）,制方财务报表,流动负债,,financial_field,"预期在资产负债表日起一年内需支付的辞退福利,列示为流动负债。；（5） 内退福利；差异于发生时计入当期损益。"
annual_cscec_2025_report_field_001578,184,审计报告 > 三、 重要会计政策及会计估计（续）,制方财务报表,营业收入,,financial_field,"认收入。取得相关商品或服务的控制权,是指能够主导该商品的使用或该服务；的提供并从中获得几乎全部的经济利益。；（1） 工程承包合同收入"
annual_cscec_2025_report_field_001579,184,审计报告 > 三、 重要会计政策及会计估计（续）,制方财务报表,营业收入,,financial_field,（1） 工程承包合同收入
annual_cscec_2025_report_field_001580,184,审计报告 > 三、 重要会计政策及会计估计（续）,制方财务报表,营业收入,,financial_field,"经发生的成本金额确认收入,直到履约进度能够合理确定为止。；（2） 房地产销售收入"
annual_cscec_2025_report_field_001581,184,审计报告 > 三、 重要会计政策及会计估计（续）,制方财务报表,营业收入,,financial_field,（2） 房地产销售收入
annual_cscec_2025_report_field_001582,184,审计报告 > 三、 重要会计政策及会计估计（续）,制方财务报表,营业收入,,financial_field,确定的交付使用时限结束后即确认房地产销售收入的实现。；（3） 勘察设计服务收入
annual_cscec_2025_report_field_001583,184,审计报告 > 三、 重要会计政策及会计估计（续）,制方财务报表,营业收入,,financial_field,"到补偿的,按照已经发生的成本金额确认收入,直到履约进度能够合理确定为；止。；46"
annual_cscec_2025_report_field_001584,185,审计报告 > 三、 重要会计政策及会计估计（续）,制方财务报表,营业收入,,financial_field,与客户之间的合同产生的收入（续）；（4） 销售商品收入
annual_cscec_2025_report_field_001585,185,审计报告 > 三、 重要会计政策及会计估计（续）,制方财务报表,营业收入,,financial_field,"常在综合考虑了下列因素的基础上,以控制权转移时点确认收入：取得商品的；转移、商品实物资产的转移、客户接受该商品。；（5） 可变对价"
annual_cscec_2025_report_field_001586,185,审计报告 > 三、 重要会计政策及会计估计（续）,制方财务报表,营业收入,,financial_field,"数,但包含可变对价的交易价格不超过在相关不确定性消除时累计已确认收入；极可能不会发生重大转回的金额。；（6） 重大融资成分"
annual_cscec_2025_report_field_001587,185,审计报告 > 三、 重要会计政策及会计估计（续）,制方财务报表,利率,,financial_field,间的差额在合同期间内采用实际利率法摊销。对于预计客户取得商品或服务控；成分。；（7） 质保义务；集团按照附注三、22进行会计处理。对于为向客户保证所销售的商品符合既定
annual_cscec_2025_report_field_001588,185,审计报告 > 三、 重要会计政策及会计估计（续）,制方财务报表,营业收入,,financial_field,"价格分摊至服务类质量保证,并在客户取得服务控制权时确认收入。在评估质；行任务的性质等因素。；47"
annual_cscec_2025_report_field_001589,186,审计报告 > 三、 重要会计政策及会计估计（续）,制方财务报表,营业收入,,financial_field,与客户之间的合同产生的收入（续）；（8） 主要责任人/代理人
annual_cscec_2025_report_field_001590,186,审计报告 > 三、 重要会计政策及会计估计（续）,制方财务报表,营业收入,,financial_field,"收对价总额确认收入；否则,本集团为代理人,按照预期有权收取的佣金或手；（9） 政府和社会资本合作（以下称“PPP”）业务相关收入的确认；（1）本集团在合同约定的运营期间内代表政府方使用PPP项目资产提供公共产；品和服务；；（2）本集团在合同约定的期间内就其提供的公共产品和服务获得补偿。；同时符合下列条件（以下简称“双控制”）："
annual_cscec_2025_report_field_001591,186,审计报告 > 三、 重要会计政策及会计估计（续）,制方财务报表,营业收入,,financial_field,"价的权利（该权利仅取决于时间流逝的因素）时,在确认收入的同时确认应收；款项,并按照《企业会计准则第22号——金融工具确认和计量》的规定进行会；计处理。；48"
annual_cscec_2025_report_field_001592,187,审计报告 > 三、 重要会计政策及会计估计（续）,制方财务报表,营业收入,,financial_field,与客户之间的合同产生的收入（续）；（9） 政府和社会资本合作（以下称“PPP”）业务相关收入的确认（续）
annual_cscec_2025_report_field_001593,187,审计报告 > 三、 重要会计政策及会计估计（续）,制方财务报表,营业收入,,financial_field,"资产的对价金额或确认的建造收入金额确认为无形资产,并按照《企业会计准；则第6号——无形资产》的规定进行会计处理。；14号——收入》确认与运营服务相关的收入。；（10） 建设-转移（以下称“BT”）业务相关收入确认"
annual_cscec_2025_report_field_001594,187,审计报告 > 三、 重要会计政策及会计估计（续）,制方财务报表,营业收入,,financial_field,"入和成本,建造服务收入按照收取或有权收取的对价计量,在确认收入的同时；26.；合同资产与合同负债；示。；（1） 合同资产"
annual_cscec_2025_report_field_001595,188,审计报告 > 三、 重要会计政策及会计估计（续）,制方财务报表,流动资产,,financial_field,"性,分别列报在存货、其他流动资产和其他非流动资产中。；一项资产,除非该资产摊销期限不超过一年。；本集团为履行合同发生的成本,不适用存货、固定资产或无形资产等相关准则；（1） 该成本与一份当前或预期取得的合同直接相关,包括直接人工、直接材；而发生的其他成本；；（2） 该成本增加了企业未来用于履行履约义务的资源；；（3） 该成本预期能够收回。"
annual_cscec_2025_report_field_001596,188,审计报告 > 三、 重要会计政策及会计估计（续）,制方财务报表,营业收入,,financial_field,"本集团对与合同成本有关的资产采用与该资产相关的收入确认相同的基础进行；摊销,计入当期损益。；计提减值准备,并确认为资产减值损失：；（1） 因转让与该资产相关的商品或服务预期能够取得的剩余对价；；（2） 为转让该相关商品或服务估计将要发生的成本。；28.；政府补助"
annual_cscec_2025_report_field_001597,189,审计报告 > 三、 重要会计政策及会计估计（续）,制方财务报表,利率,,financial_field,"性优惠利率计算相关借款费用。；29.；递延所得税；提递延所得税。；（1） 应纳税暂时性差异是在以下交易中产生的：商誉的初始确认,或者具有"
annual_cscec_2025_report_field_001598,192,审计报告 > 三、 重要会计政策及会计估计（续）,制方财务报表,营业收入,,financial_field,"化,在租赁期内按照与租金收入确认相同的基础进行分摊,分期计入当期损；益。；31.；回购股份"
annual_cscec_2025_report_field_001599,192,审计报告 > 三、 重要会计政策及会计估计（续）,制方财务报表,所有者权益,,financial_field,"回购自身权益工具支付的对价和交易费用,减少股东权益。除股份支付之外,；32.；安全生产费；33.；公允价值计量"
annual_cscec_2025_report_field_001600,193,审计报告 > 三、 重要会计政策及会计估计（续）,制方财务报表,营业收入,,financial_field,"响收入、费用、资产和负债的列报金额及其披露,以及资产负债表日或有负债；产或负债的账面价值进行重大调整。；（1） 判断；额具有重大影响的判断：；经营租赁——作为出租人；租赁处理。"
annual_cscec_2025_report_field_001601,194,审计报告 > 三、 重要会计政策及会计估计（续）,制方财务报表,到期日,,financial_field,到期日前的出售原因、时间、频率和价值等进行分析判断。；56
annual_cscec_2025_report_field_001602,195,审计报告 > 三、 重要会计政策及会计估计（续）,制方财务报表,营业收入,,financial_field,"房地产销售收入；根据附注三、25所述的会计政策,本集团在客户获得实物所有权且本集团已获；得现时收款权并很可能收回对价的时点确认。"
annual_cscec_2025_report_field_001603,195,审计报告 > 三、 重要会计政策及会计估计（续）,制方财务报表,营业收入,,financial_field,该财务担保对开发产品的销售收入确认无重大影响。；权益工具；57
annual_cscec_2025_report_field_001604,197,审计报告 > 三、 重要会计政策及会计估计（续）,制方财务报表,营业收入,,financial_field,"房地产建造的成本于工程在建期间记为存货,并将于房地产销售收入确认后结；59"
annual_cscec_2025_report_field_001605,198,审计报告 > 三、 重要会计政策及会计估计（续）,制方财务报表,利率,,financial_field,况、标的资产情况、租赁期和租赁负债金额等租赁业务具体情况对参考利率进；行调整以得出适用的增量借款利率。；60
annual_cscec_2025_report_field_001606,199,审计报告 > 四、 税项,财务报表,营业收入,,financial_field,"应税收入按相应的税率计算销项税,并按扣除当期；允许抵扣的进项税额后的差额计缴增值税。本集团；2025年度适用税率或征收率包括13%、9%、6%、；5%、3%。；根据2016年财政部和国家税务总局颁发的《营业税；改征增值税试点有关事项的规定》,本集团按简易；计税方式的建筑行业老项目等按应税收入的3%计算"
annual_cscec_2025_report_field_001607,199,审计报告 > 四、 税项,财务报表,营业收入,,financial_field,"计税方式的建筑行业老项目等按应税收入的3%计算；应纳税额以及房地产开发行业的老项目按应税收入；的5%计算应纳税额。；城市维护建设税；-；按实际缴纳的流转税的7%或5%计缴。；企业所得税；-；本集团位于中国内地的企业所得税按应纳税所得额；的25%计缴（除附注四、2所述税收优惠外）,中国"
annual_cscec_2025_report_field_001608,199,审计报告 > 四、 税项,财务报表,营业收入,,financial_field,按房产原值从价计征部分1.2%计缴或房产租金收入；从租计征部分12%计缴。；61
annual_cscec_2025_report_field_001609,209,审计报告 > 五、 合并财务报表主要项目注释,合并财务报表,到期日,,financial_field,"于2025年12月31日,本集团银行存款中到期日为3个月以上的定期存款金额为；6,025,579千元（2024年12月31日：3,537,996千元）。；2025年12月31日,受到限制的货币资金余额为46,448,401千元（2024年12月31；日：61,515,065千元）。；2.；交易性金融资产；2025年12月31日 2024年12月31日；以公允价值计量且其变动计入当期损益"
annual_cscec_2025_report_field_001610,227,审计报告 > 五、 合并财务报表主要项目注释（续）,合并财务报表,流动资产,,financial_field,"减：列示于其他非流动资产的合同资产；(附注五、25)；(345,794,506 )；(339,103,493 )；减：列示于无形资产的合同资产；(附注五、21)；(16,694,666 )；(10,654,590 )；合计；588,967,936"
annual_cscec_2025_report_field_001611,230,审计报告 > 五、 合并财务报表主要项目注释（续）,合并财务报表,流动资产,,financial_field,"一年内到期的非流动资产；2024年12月31日；2025年12月31日；(经重述)；一年内到期的长期应收款(附注五、13)；42,786,006；55,655,974；一年内到期的债权投资(附注五、12)；3,871,612；5,499,269"
annual_cscec_2025_report_field_001612,230,审计报告 > 五、 合并财务报表主要项目注释（续）,合并财务报表,流动资产,,financial_field,"其他流动资产；2024年12月31日；2025年12月31日；(经重述)；待抵扣进项税额等；122,357,751；66,348,032；预缴税金；59,470,718；61,674,474"
annual_cscec_2025_report_field_001613,244,审计报告 > 五、 合并财务报表主要项目注释（续）,合并财务报表,营业收入,,financial_field,"收入增长率；收入增长率；中国海外发展；,相关资产组特定风；-3%-2.5%；2%；资产组组合；5年；折现率6.6%；折现率6.6%"
annual_cscec_2025_report_field_001614,244,审计报告 > 五、 合并财务报表主要项目注释（续）,合并财务报表,营业收入,,financial_field,"收入增长率；收入增长率；中国建筑兴业；,相关资产组特定风；1%；2.25%；资产组组合；5年；折现率9.58%；折现率9.58%"
annual_cscec_2025_report_field_001615,245,审计报告 > 五、 合并财务报表主要项目注释（续）,合并财务报表,现金红利,,financial_field,"协定股息税(注2)；3,009,909；150,495；3,032,891；20,311,512 5,048,108"
annual_cscec_2025_report_field_001616,245,审计报告 > 五、 合并财务报表主要项目注释（续）,合并财务报表,营业收入,,financial_field,"BT/PPP项目收入；19,709,597；4,878,900；6,668,660 1,339,918；使用权资产税会差异；5,738,179；1,116,843；668,832；其他；3,594,380"
annual_cscec_2025_report_field_001617,245,审计报告 > 五、 合并财务报表主要项目注释（续）,合并财务报表,现金红利,,financial_field,注2：协定股息税为中国海外发展、中国建筑国际集团有限公司等子公司的境内；司的利润按照5%的税率预提的代扣代缴所得税。；（3） 以抵销后净额列示的递延所得税资产或负债；2025年12月31日；2024年12月31日(经重述)；抵销金额 抵销后余额；抵销金额 抵销后余额
annual_cscec_2025_report_field_001618,246,审计报告 > 五、 合并财务报表主要项目注释（续）,合并财务报表,流动资产,,financial_field,"其他非流动资产；2025年12月31日 2024年12月31日；合同资产(附注五、9)；351,272,059；343,264,808；其中：PPP项目；239,138,725；239,571,314；质保金；88,246,045"
annual_cscec_2025_report_field_001619,248,审计报告 > 五、 合并财务报表主要项目注释（续）,合并财务报表,流动资产,,financial_field,"其他流动资产减值准备；2,608,112；-；2,608,112；218,978；(14,538 )；-；38,929；2,851,481"
annual_cscec_2025_report_field_001620,248,审计报告 > 五、 合并财务报表主要项目注释（续）,合并财务报表,流动资产,,financial_field,"一年内到期非流动资产减值准备；915,111；-；915,111；428,107；(406,769 )；-；8,804；945,253"
annual_cscec_2025_report_field_001621,248,审计报告 > 五、 合并财务报表主要项目注释（续）,合并财务报表,流动资产,,financial_field,"其他非流动资产减值准备；4,494,585；-；4,494,585；2,176,388；(696,471 )；(16 )；45,637；6,020,123；其他预期信用损失准备"
annual_cscec_2025_report_field_001622,249,审计报告 > 五、 合并财务报表主要项目注释（续）,合并财务报表,流动资产,,financial_field,"其他流动资产减值准备；1,668,546；-；1,668,546；942,307；(10,245 )；-；7,504；2,608,112"
annual_cscec_2025_report_field_001623,249,审计报告 > 五、 合并财务报表主要项目注释（续）,合并财务报表,流动资产,,financial_field,"一年内到期非流动资产减值准备；853,641；-；853,641；166,165；(168,898 )；(499 )；64,702；915,111"
annual_cscec_2025_report_field_001624,249,审计报告 > 五、 合并财务报表主要项目注释（续）,合并财务报表,流动资产,,financial_field,"其他非流动资产减值准备；3,964,097；-；3,964,097；991,185；(593,994 )；(798 )；134,095；4,494,585；其他预期信用损失准备"
annual_cscec_2025_report_field_001625,257,审计报告 > 五、 合并财务报表主要项目注释（续）,合并财务报表,流动负债,,financial_field,"一年内到期的非流动负债；2025年12月31日 2024年12月31日；(经重述)；一年内到期的长期借款(附注五、38)；87,656,255；83,563,515；一年内到期的应付债券(附注五、39)；20,315,589；18,371,727；一年内到期的长期应付款(附注五、41)"
annual_cscec_2025_report_field_001626,257,审计报告 > 五、 合并财务报表主要项目注释（续）,合并财务报表,流动负债,,financial_field,"一年内到期的其他非流动负债(附注五、45)；2,129,306；2,190,714；其他；23,358；912；合计；127,047,835；120,913,942；37."
annual_cscec_2025_report_field_001627,257,审计报告 > 五、 合并财务报表主要项目注释（续）,合并财务报表,流动负债,,financial_field,"其他流动负债；2025年12月31日 2024年12月31日；(经重述)；待转销项税额；139,281,770；96,962,423；吸收存款(附注十二、5)；2,771,738；2,614,523；短期融资券(注1)"
annual_cscec_2025_report_field_001628,258,审计报告 > 五、 合并财务报表主要项目注释（续）,合并财务报表,流动负债,,financial_field,其他流动负债（续）；注1：短期融资券信息列示如下：；发行日期 债券期限 年初余额；本年发行；本年偿还 本年计提
annual_cscec_2025_report_field_001629,258,审计报告 > 五、 合并财务报表主要项目注释（续）,合并财务报表,利率,,financial_field,"年末余额 年利率；(%)；利息；24中建七局SCP004(科；创票据)；190天 1,000,000；2024/9/2；-；(1,000,000 )；-"
annual_cscec_2025_report_field_001630,259,审计报告 > 五、 合并财务报表主要项目注释（续）,合并财务报表,流动负债,,financial_field,其他流动负债（续）；注1：短期融资券信息列示如下：（续）；发行日期 债券期限 年初余额；本年计提
annual_cscec_2025_report_field_001631,259,审计报告 > 五、 合并财务报表主要项目注释（续）,合并财务报表,利率,,financial_field,年末余额 年利率；本年发行；本年偿还；(%)；利息；25中建三局SCP003(科；创债)；180天；2025/6/4；-
annual_cscec_2025_report_field_001632,260,审计报告 > 五、 合并财务报表主要项目注释（续）,合并财务报表,利率,,financial_field,"于2025年12月31日,上述借款的年利率为1.20%至6.70%（2024年12月31日：；1.20%至7.00%）。；于2025年12月31日及2024年12月31日,本集团将各类资产向银行抵押或质押作；为借款之担保的情况参见附注五、26。；39.；应付债券；（1） 应付债券；2025年12月31日 2024年12月31日；公司债券；44,250,936"
annual_cscec_2025_report_field_001633,271,审计报告 > 五、 合并财务报表主要项目注释（续）,合并财务报表,流动负债,,financial_field,"其他非流动负债；2025年12月31日 2024年12月31日；2,129,306；2015年可转换债券之预付投资款(注1)；2,190,714；待转销项税额；66,291；382,842；其他；376,445"
annual_cscec_2025_report_field_001634,271,审计报告 > 五、 合并财务报表主要项目注释（续）,合并财务报表,流动负债,,financial_field,"减：一年内到期的非流动负债(附注五、36)；(2,129,306 )；(2,190,714 )；合计；442,736；844,770；注1： 2015年可转换债券之预付投资款相关信息：；框架项下的预付投资款美元3亿元。上述可转换债券的利息自发行日起"
annual_cscec_2025_report_field_001635,271,审计报告 > 五、 合并财务报表主要项目注释（续）,合并财务报表,利率,,financial_field,"计算,直至全额偿还或转换之日为止,年利率为LIBOR平均利率加370；个基点。截至2025年12月31日,框架协议项下相关转股条款尚未确定,；Strategic Capital, LLC已累计赎回美元6,700万元。；133"
annual_cscec_2025_report_field_001636,272,审计报告 > 五、 合并财务报表主要项目注释（续）,合并财务报表,起息日,,financial_field,"本公司于2023年6月19日至6月20日发行起息日为2023年6月21日,并可于2026年；6月21日及以后期间赎回的2023年度第一期中期票据,发行总额为3,000,000千；元,实际收到3,000,000千元；于2023年7月11日至7月12日发行起息日为2023年7；月13日,并可于2026年7月13日及以后期间赎回的2023年度第二期中期票据,发；行总额为3,000,000千元,实际收到3,000,000千元；本公司于2023年8月10日至8；月11日发行起息日为2023年8月14日,并可于2026年8月14日及以后期间赎回的；2023年度第三期中期票据,发行总额为3,000,000千元,实际收到3,000,000千；定赎回之前长期存续。于该批中期票据第3个和其后每个付息日,本公司有权按"
annual_cscec_2025_report_field_001637,272,审计报告 > 五、 合并财务报表主要项目注释（续）,合并财务报表,利率,,financial_field,"该批中期票据于前3个计息年度的票面利率保持不变,其中2023年度第一期中期；票据的年利率为3.24%,2023年度第二期中期票据的年利率为3.14%,2023年度；第三期中期票据的年利率为3.08%。自第4个计息年度起,若本公司不行使赎回；权,年利率每3年以当期基准利率加上初始利差再加上200个基点重置一次。其"
annual_cscec_2025_report_field_001638,272,审计报告 > 五、 合并财务报表主要项目注释（续）,合并财务报表,利率,,financial_field,"权,年利率每3年以当期基准利率加上初始利差再加上200个基点重置一次。其；前述强制付息事件是指在付息日前12个月内发生以下情形之一：（1）向普通；股股东分红（按照国有资产管理相关规定上缴国有资本收益除外）；（2）减；减资外）。发行人承诺不存在隐性强制分红情况。；134"
annual_cscec_2025_report_field_001639,275,审计报告 > 五、 合并财务报表主要项目注释（续）,合并财务报表,归属于上市公司股东的净利润,,financial_field,"归属于母公司股东的净利润；39,069,002；46,193,694；前期计入其他综合收益本年转入；218,919；(27,525 )；其他；(95,241 )；(9,166 )；减：提取法定盈余公积(附注五、51)"
annual_cscec_2025_report_field_001640,276,审计报告 > 五、 合并财务报表主要项目注释（续）,合并财务报表,现金红利,,financial_field,"注2： 根据2025年5月23日股东会决议,本公司向全体股东派发现金股利,每；股0.2715元（含税）,按照利润分配方案实施前公司总股本约413.20亿；股计算,共计约112.18亿元（2024年度：112.98亿元）。；注3： 本公司2025年度合计对永续债计提股息2.84亿元（2024年度：1.52亿；元）。；注4： 提取一般风险准备；本公司下属子公司中建财务有限公司：；根据财政部《金融企业准备金计提管理办法》(财金【2012】20号)的要"
annual_cscec_2025_report_field_001641,277,审计报告 > 五、 合并财务报表主要项目注释（续）,合并财务报表,营业收入,,financial_field,营业收入和营业成本；（1） 营业收入和营业成本情况；2025年；2024年(经重述)
annual_cscec_2025_report_field_001642,277,审计报告 > 五、 合并财务报表主要项目注释（续）,合并财务报表,营业收入,,financial_field,"收入；成本；主营业务；2,179,168,163 1,965,226,980；2,072,808,802 1,868,302,916；其他业务；6,481,446；9,333,009；7,755,849；8,166,123"
annual_cscec_2025_report_field_001643,277,审计报告 > 五、 合并财务报表主要项目注释（续）,合并财务报表,营业收入,,financial_field,营业收入和营业成本按主要经营地区和主要产品及服务类型的分解信息请参见；附注十五、1。；（2） 营业收入分解信息；2025年；房屋建筑工程 基础设施建；房地产开发与；设计勘察；其他；合计；设与投资
annual_cscec_2025_report_field_001644,277,审计报告 > 五、 合并财务报表主要项目注释（续）,合并财务报表,营业收入,,financial_field,"主营业务收入；2,072,808,802；- 263,368,383；-；15,001,741；在某一时点转让；278,370,124；-；在某一时段内转让；1,213,589,480 538,571,922"
annual_cscec_2025_report_field_001645,277,审计报告 > 五、 合并财务报表主要项目注释（续）,合并财务报表,营业收入,,financial_field,"租赁收入；9,141,318；-；-；-；-；9,333,009"
annual_cscec_2025_report_field_001646,277,审计报告 > 五、 合并财务报表主要项目注释（续）,合并财务报表,营业收入,,financial_field,"其他业务收入；9,333,009；-；-；-；-；865,576"
annual_cscec_2025_report_field_001647,277,审计报告 > 五、 合并财务报表主要项目注释（续）,合并财务报表,营业收入,,financial_field,"其中：租赁收入；865,576；1,213,589,480 538,571,922 283,839,707；9,608,209；36,532,493 2,082,141,811；合计；2024年（经重述）；房屋建筑工程 基础设施建；房地产开发与；设计勘察"
annual_cscec_2025_report_field_001648,277,审计报告 > 五、 合并财务报表主要项目注释（续）,合并财务报表,营业收入,,financial_field,"主营业务收入；2,179,168,163；-；- 286,266,168；-；8,247,083；在某一时点转让；294,513,251；在某一时段内转让；1,295,544,060 545,853,122"
annual_cscec_2025_report_field_001649,277,审计报告 > 五、 合并财务报表主要项目注释（续）,合并财务报表,营业收入,,financial_field,"租赁收入；9,317,161；-；-；-；-；8,166,123"
annual_cscec_2025_report_field_001650,277,审计报告 > 五、 合并财务报表主要项目注释（续）,合并财务报表,营业收入,,financial_field,"其他业务收入；8,166,123；-；-；-；-；896,220"
annual_cscec_2025_report_field_001651,277,审计报告 > 五、 合并财务报表主要项目注释（续）,合并财务报表,营业收入,,financial_field,"其中：租赁收入；896,220；1,295,544,060 545,853,122 305,905,418；10,341,946；29,689,740 2,187,334,286；合计；139"
annual_cscec_2025_report_field_001652,278,审计报告 > 五、 合并财务报表主要项目注释（续）,合并财务报表,营业收入,,financial_field,营业收入和营业成本（续）；53.；（3） 营业成本分解信息；2025年；房屋建筑工程 基础设施建；房地产开发与；设计勘察；其他；合计；设与投资
annual_cscec_2025_report_field_001653,278,审计报告 > 五、 合并财务报表主要项目注释（续）,合并财务报表,营业收入,,financial_field,"确认的收入来源于：；2025年；2024年；(经重述)；合同负债年初账面价值；267,215,278；239,582,293；于2025年12月31日,本集团剩余履约合同义务主要与本集团房地产销售及工程"
annual_cscec_2025_report_field_001654,278,审计报告 > 五、 合并财务报表主要项目注释（续）,合并财务报表,营业收入,,financial_field,"的未来履约期内按履约进度确认为收入。；54.；税金及附加；2025年；2024年；(经重述)；土地增值税；2,609,519；3,938,747；城市维护建设税"
annual_cscec_2025_report_field_001655,279,审计报告 > 五、 合并财务报表主要项目注释（续）,合并财务报表,研发投入,,financial_field,"研发费用；2025年；2024年；(经重述)；消耗的材料、燃料和动力费用；29,775,644；30,136,366；职工薪酬；9,408,692；10,880,175"
annual_cscec_2025_report_field_001656,280,审计报告 > 五、 合并财务报表主要项目注释（续）,合并财务报表,营业收入,,financial_field,"减：利息收入；(3,962,278 )；(4,232,406 )；减：利息资本化金额；(9,565,770 )；(10,912,909 )；手续费支出；1,780,867；1,886,823；汇兑损益"
annual_cscec_2025_report_field_001657,281,审计报告 > 五、 合并财务报表主要项目注释（续）,合并财务报表,营业收入,,financial_field,"债权投资在持有期间取得的利息收入；438,797；981,516"
annual_cscec_2025_report_field_001658,281,审计报告 > 五、 合并财务报表主要项目注释（续）,合并财务报表,营业收入,,financial_field,"其他权益工具投资在持有期间取得的股利收入；45,029；80,260"
annual_cscec_2025_report_field_001659,281,审计报告 > 五、 合并财务报表主要项目注释（续）,合并财务报表,营业收入,,financial_field,"其他债权投资在持有期间取得的利息收入；9,522；49,452；其他；(397,424 )；(245,763 )；合计；802,824；1,504,780"
annual_cscec_2025_report_field_001660,282,审计报告 > 五、 合并财务报表主要项目注释（续）,合并财务报表,流动资产,,financial_field,"其他流动资产减值损失；(204,440 )；(932,062 )；长期应收款坏账损失；(804,381 )；(622,209 )；其他；(539,803 )；(183,268 )；合计"
annual_cscec_2025_report_field_001661,282,审计报告 > 五、 合并财务报表主要项目注释（续）,合并财务报表,营业收入,,financial_field,"营业外收入；2025年；2024年 计入2025年非；经常性损益；(经重述)；应付款项转入；196,304；353,331；196,304；违约金"
annual_cscec_2025_report_field_001662,282,审计报告 > 五、 合并财务报表主要项目注释（续）,合并财务报表,营业收入,,financial_field,"罚没收入；121,815；124,662；121,815；与日常活动无关的政府补助；44,269；151,283；44,269"
annual_cscec_2025_report_field_001663,282,审计报告 > 五、 合并财务报表主要项目注释（续）,合并财务报表,流动资产,,financial_field,"非流动资产毁损报废利得；40,190；21,583；40,190；企业合并成本小于合并时应享有被；合并方可辨认净资产公允价值的；收益；693,545；-；693,545"
annual_cscec_2025_report_field_001664,283,审计报告 > 五、 合并财务报表主要项目注释（续）,合并财务报表,流动资产,,financial_field,"非流动资产毁损报废损失；37,276；44,067；37,276；诉讼预计负债；(55,402 )；1,000,409；(55,402 )；其他；79,372"
annual_cscec_2025_report_field_001665,283,审计报告 > 五、 合并财务报表主要项目注释（续）,合并财务报表,研发投入,,financial_field,"本集团营业成本、销售费用、管理费用及研发费用按照性质分类的补充资料如；下：；2025年；2024年；(经重述)；分包成本；720,224,795；728,252,663；耗用的原材料；467,087,666"
annual_cscec_2025_report_field_001666,284,审计报告 > 五、 合并财务报表主要项目注释（续）,合并财务报表,利润总额,,financial_field,所得税费用与利润总额的关系列示如下：；2025年；2024年；(经重述)
annual_cscec_2025_report_field_001667,284,审计报告 > 五、 合并财务报表主要项目注释（续）,合并财务报表,利润总额,,financial_field,"利润总额；70,221,649；80,046,319；按适用税率(25%)计算的所得税费用；17,555,412；20,011,580；子公司适用不同税率的影响；(3,018,883 )；(4,058,055 )"
annual_cscec_2025_report_field_001668,284,审计报告 > 五、 合并财务报表主要项目注释（续）,合并财务报表,营业收入,,financial_field,"非应税收入的影响；(985,032 )；(1,301,528 )"
annual_cscec_2025_report_field_001669,284,审计报告 > 五、 合并财务报表主要项目注释（续）,合并财务报表,研发投入,,financial_field,"研发费用加计扣除；(2,043,121 )；(2,023,158 )；不可抵扣的成本、费用和损失的影响；2,928,551；2,632,200；未确认的可抵扣亏损；2,663,191；3,158,939；使用前期未确认递延所得税资产的可"
annual_cscec_2025_report_field_001670,285,审计报告 > 五、 合并财务报表主要项目注释（续）,合并财务报表,基本每股收益,,financial_field,基本每股收益；1.11；持续经营；0.94
annual_cscec_2025_report_field_001671,285,审计报告 > 五、 合并财务报表主要项目注释（续）,合并财务报表,稀释每股收益,,financial_field,稀释每股收益；1.11；持续经营；0.94
annual_cscec_2025_report_field_001672,285,审计报告 > 五、 合并财务报表主要项目注释（续）,合并财务报表,基本每股收益,,financial_field,"基本每股收益的具体计算如下：；2024年；2025年；(经重述)；收益；归属于母公司股东的当期净利润；39,069,002；46,193,694；减：其他权益工具股息影响(注1)；(283,800 )"
annual_cscec_2025_report_field_001673,285,审计报告 > 五、 合并财务报表主要项目注释（续）,合并财务报表,基本每股收益,,financial_field,基本每股收益(元/股)；0.94；1.11；147
annual_cscec_2025_report_field_001674,286,审计报告 > 五、 合并财务报表主要项目注释（续）,合并财务报表,基本每股收益,,financial_field,"基本每股收益的具体计算如下：（续）；注1： 如附注五、47所述之永续债的有关条款及相关规定,本公司在计算基本"
annual_cscec_2025_report_field_001675,286,审计报告 > 五、 合并财务报表主要项目注释（续）,合并财务报表,现金红利,,financial_field,"每股收益时,将其他权益工具股息影响从归属于母公司股东的净利润中；予以扣除,于2025年度,归属于永续债持有人的股息约为2.84亿元；（2024年度：2.84亿元）。"
annual_cscec_2025_report_field_001676,286,审计报告 > 五、 合并财务报表主要项目注释（续）,合并财务报表,稀释每股收益,,financial_field,"稀释每股收益的影响如下：；2025年度,公司发行在外的限制性股票已全部注销,对每股收益无稀释性影；响。（2024年度,公司发行在外的限制性股票对每股收益无稀释性影响,本公；69.；现金流量表项目注释；（1） 与经营活动有关的现金；2025年；2024年"
annual_cscec_2025_report_field_001677,286,审计报告 > 五、 合并财务报表主要项目注释（续）,合并财务报表,营业收入,,financial_field,"利息收入；2,680,262；2,753,648；中建财务有限公司(“财务公司”)吸收存；款增加；157,215；-；其他；8,139,525；4,515,870"
annual_cscec_2025_report_field_001678,288,审计报告 > 五、 合并财务报表主要项目注释（续）,合并财务报表,流动负债,,financial_field,"其他流动负债；8,999,806；88,400,000；276,539；(87,676,476 )；-；9,999,869"
annual_cscec_2025_report_field_001679,288,审计报告 > 五、 合并财务报表主要项目注释（续）,合并财务报表,流动负债,,financial_field,"其他非流动负债(含一年内到期)；2,190,714；-；-；-；(61,408 )；2,129,306；合计；922,211,128；603,332,872"
annual_cscec_2025_report_field_001680,289,"审计报告 > 五、 合并财务报表主要项目注释（续） > 3、本年本集团以非现金资产收回债权金额为4,631,699千元,以非现金资产清",现金流量表,经营活动产生的现金流量净额,,financial_field,"将净利润调节为经营活动现金流量：；2025年；2024年；(经重述)；净利润；53,557,640；62,746,463；加：资产减值准备；7,210,082；6,456,693"
annual_cscec_2025_report_field_001681,289,"审计报告 > 五、 合并财务报表主要项目注释（续） > 3、本年本集团以非现金资产收回债权金额为4,631,699千元,以非现金资产清",现金流量表,经营活动产生的现金流量净额,,financial_field,"经营活动产生的现金流量净额；20,537,132；15,825,793；151"
annual_cscec_2025_report_field_001682,291,"审计报告 > 五、 合并财务报表主要项目注释（续） > 3、本年本集团以非现金资产收回债权金额为4,631,699千元,以非现金资产清",现金流量表,到期日,,financial_field,"本集团供应商融资安排付款到期日区间基本为1年以内,与可比应付账款到期；日区间基本一致。；153"
annual_cscec_2025_report_field_001683,292,"审计报告 > 五、 合并财务报表主要项目注释（续） > 3、本年本集团以非现金资产收回债权金额为4,631,699千元,以非现金资产清",现金流量表,流动资产,,financial_field,"一年内到期的非流动资产；沙特里亚尔；86,962；1.8680；162,445；76；1.9284；147；印度卢比；61,925"
annual_cscec_2025_report_field_001684,293,"审计报告 > 五、 合并财务报表主要项目注释（续） > 3、本年本集团以非现金资产收回债权金额为4,631,699千元,以非现金资产清",现金流量表,流动负债,,financial_field,"一年内到期的非流动负债；2,693,303；0.9032；2,432,591；2,469,868；0.9260；2,287,098；港元；60,900；5.4586"
annual_cscec_2025_report_field_001685,295,"审计报告 > 五、 合并财务报表主要项目注释（续） > 3、本年本集团以非现金资产收回债权金额为4,631,699千元,以非现金资产清",现金流量表,营业收入,,financial_field,"由于房屋及建筑物租赁产生的收入为9,141,318千元（2024年度：9,534,212千；元）。租出房屋及建筑物列示于投资性房地产,参见附注五、17。；本集团还将部分闲置机器设备、运输设备等用于出租,租赁期为1年至5年不；等,形成经营租赁,本年确认的租赁收入865,576千元（2024年度：679,169千；元）。；经营租赁；与经营租赁有关的损益列示如下：；2025年；2024年；(经重述)"
annual_cscec_2025_report_field_001686,295,"审计报告 > 五、 合并财务报表主要项目注释（续） > 3、本年本集团以非现金资产收回债权金额为4,631,699千元,以非现金资产清",现金流量表,营业收入,,financial_field,"租赁收入；10,006,894；10,213,381；2025年12月31日；2024年12月31日；(经重述)；1年以内(含1年)；5,897,765；5,067,261"
annual_cscec_2025_report_field_001687,296,审计报告 > 七、 合并范围的变更,财务报表,营业收入,,financial_field,业收入；(亏损)/利润；损)/利润；2025年4；海南建中实拓工；受中建集团；取得控制；程有限公司；最终控制；月30日
annual_cscec_2025_report_field_001688,297,审计报告 > 七、 合并范围的变更（续）,财务报表,流动资产,,financial_field,"其他流动资产；254；143；投资性房地产；29,702；30,356；固定资产；277,127；287,041；使用权资产"
annual_cscec_2025_report_field_001689,297,审计报告 > 七、 合并范围的变更（续）,财务报表,流动资产,,financial_field,"其他非流动资产；4；-；长期待摊费用；31,549；26,324；递延所得税资产；6,069；2,863；短期借款"
annual_cscec_2025_report_field_001690,297,审计报告 > 七、 合并范围的变更（续）,财务报表,流动负债,,financial_field,"其他流动负债；(181 )；(8,255 )；预计负债；(74 )；-；净资产；525,532；521,255"
annual_cscec_2025_report_field_001691,297,审计报告 > 七、 合并范围的变更（续）,财务报表,所有者权益,,financial_field,"减：少数股东权益；208,658；207,549；取得的净资产；316,874；313,706；3.；处置子公司；2025年度,本集团因处置子公司等原因而不再纳入合并范围的主体并不重大。；159"
annual_cscec_2025_report_field_001692,299,审计报告 > 八、 在其他主体中的权益（续）,八、 在其他主体中的权益（续）,所有者权益,,financial_field,（2） 存在重要少数股东权益的子公司；少数股东；归属于少数；向少数股东；年末累计；持股比例(%)；股东的损益
annual_cscec_2025_report_field_001693,299,审计报告 > 八、 在其他主体中的权益（续）,八、 在其他主体中的权益（续）,所有者权益,,financial_field,"支付股利 少数股东权益；中国海外发展；43.90；5,079,662；(3,695,514 )；169,378,365；中国建筑国际集团有限公司；38.19；3,279,924；(1,163,739 )"
annual_cscec_2025_report_field_001694,299,审计报告 > 八、 在其他主体中的权益（续）,八、 在其他主体中的权益（续）,所有者权益,,financial_field,（3） 存在重要少数股东权益的子公司的主要财务信息；下表列示了上述子公司按照本公司的会计政策进行必要调整后的主要财务信；2025年；中国海外发展；财务公司；中国建筑国际集；中建西部建设股；团有限公司；份有限公司
annual_cscec_2025_report_field_001695,299,审计报告 > 八、 在其他主体中的权益（续）,八、 在其他主体中的权益（续）,流动资产,,financial_field,"流动资产；29,814,808；184,065,121；26,577,459；180,296,362"
annual_cscec_2025_report_field_001696,299,审计报告 > 八、 在其他主体中的权益（续）,八、 在其他主体中的权益（续）,流动资产,,financial_field,"非流动资产；52,507,538；97,978,273；5,263,598；823,900,460；资产合计；82,322,346；282,043,394；31,841,057；259,059,458"
annual_cscec_2025_report_field_001697,299,审计报告 > 八、 在其他主体中的权益（续）,八、 在其他主体中的权益（续）,流动负债,,financial_field,"流动负债；62,376,700；129,782,370；20,961,593；216,838,506"
annual_cscec_2025_report_field_001698,299,审计报告 > 八、 在其他主体中的权益（续）,八、 在其他主体中的权益（续）,流动负债,,financial_field,"非流动负债；14,564；75,014,535；1,137,758；475,897,964"
annual_cscec_2025_report_field_001699,299,审计报告 > 八、 在其他主体中的权益（续）,八、 在其他主体中的权益（续）,总负债,,financial_field,"负债合计；62,391,264；204,796,905；22,099,351；172,227,295"
annual_cscec_2025_report_field_001700,299,审计报告 > 八、 在其他主体中的权益（续）,八、 在其他主体中的权益（续）,营业收入,,financial_field,"营业收入；1,906,571；100,714,533；18,107,780；12,526,823；净利润/(亏损)；759,956；9,005,382；(734,693 )；12,659,065"
annual_cscec_2025_report_field_001701,300,审计报告 > 八、 在其他主体中的权益（续）,八、 在其他主体中的权益（续）,所有者权益,,financial_field,（3） 存在重要少数股东权益的子公司的主要财务信息（续）；下表列示了上述子公司按照本公司的会计政策进行必要调整后的主要财务信；2024年；财务公司；中国建筑国际集；中建西部建设股；中国海外发展；团有限公司；份有限公司
annual_cscec_2025_report_field_001702,300,审计报告 > 八、 在其他主体中的权益（续）,八、 在其他主体中的权益（续）,流动资产,,financial_field,"流动资产；36,258,134；157,477,491；27,952,051；179,038,590"
annual_cscec_2025_report_field_001703,300,审计报告 > 八、 在其他主体中的权益（续）,八、 在其他主体中的权益（续）,流动资产,,financial_field,"非流动资产；51,048,401；91,756,054；5,546,009；818,265,455；资产合计；87,306,535；249,233,545；33,498,060；262,104,487"
annual_cscec_2025_report_field_001704,300,审计报告 > 八、 在其他主体中的权益（续）,八、 在其他主体中的权益（续）,流动负债,,financial_field,"流动负债；67,534,329；111,954,098；20,435,115；225,218,638"
annual_cscec_2025_report_field_001705,300,审计报告 > 八、 在其他主体中的权益（续）,八、 在其他主体中的权益（续）,流动负债,,financial_field,"非流动负债；-；69,575,882；2,344,437；487,323,125"
annual_cscec_2025_report_field_001706,300,审计报告 > 八、 在其他主体中的权益（续）,八、 在其他主体中的权益（续）,总负债,,financial_field,"负债合计；67,534,329；181,529,980；22,779,552；186,110,075"
annual_cscec_2025_report_field_001707,300,审计报告 > 八、 在其他主体中的权益（续）,八、 在其他主体中的权益（续）,营业收入,,financial_field,"营业收入；2,066,920；105,559,264；20,347,095；14,805,051；净利润/(亏损)；976,912；9,278,024；(220,546 )；15,665,530"
annual_cscec_2025_report_field_001708,300,审计报告 > 八、 在其他主体中的权益（续）,八、 在其他主体中的权益（续）,所有者权益,,financial_field,任何递延支付利息次数的限制。本集团将该等子公司永续债作为少数股东权益；核算。；162
annual_cscec_2025_report_field_001709,302,审计报告 > 八、 在其他主体中的权益（续）,八、 在其他主体中的权益（续）,流动资产,,financial_field,"流动资产；121,202,702；109,677,426；其中：现金和现金等价物；27,290,854；26,864,619"
annual_cscec_2025_report_field_001710,302,审计报告 > 八、 在其他主体中的权益（续）,八、 在其他主体中的权益（续）,流动资产,,financial_field,"非流动资产；7,980,192；9,021,414；129,182,894；资产合计；118,698,840"
annual_cscec_2025_report_field_001711,302,审计报告 > 八、 在其他主体中的权益（续）,八、 在其他主体中的权益（续）,流动负债,,financial_field,"流动负债；61,766,987；50,798,120"
annual_cscec_2025_report_field_001712,302,审计报告 > 八、 在其他主体中的权益（续）,八、 在其他主体中的权益（续）,流动负债,,financial_field,"非流动负债；29,864,844；29,853,980"
annual_cscec_2025_report_field_001713,302,审计报告 > 八、 在其他主体中的权益（续）,八、 在其他主体中的权益（续）,总负债,,financial_field,"负债合计；91,631,831；80,652,100"
annual_cscec_2025_report_field_001714,302,审计报告 > 八、 在其他主体中的权益（续）,八、 在其他主体中的权益（续）,所有者权益,,financial_field,"少数股东权益；6,155,196；6,425,393；31,395,867"
annual_cscec_2025_report_field_001715,302,审计报告 > 八、 在其他主体中的权益（续）,八、 在其他主体中的权益（续）,所有者权益,,financial_field,"归属于母公司股东权益；31,621,347；按持股比例享有的净资产份额；12,442,182；12,531,540；投资的账面价值；12,442,182；12,531,540；存在公开报价投资的公允价值；2,312,261"
annual_cscec_2025_report_field_001716,302,审计报告 > 八、 在其他主体中的权益（续）,八、 在其他主体中的权益（续）,营业收入,,financial_field,"营业收入；36,874,435；45,895,252；所得税费用；(816,342 )；(944,903 )；净利润；549,331；1,215,841；其他综合收益"
annual_cscec_2025_report_field_001717,303,审计报告 > 八、 在其他主体中的权益（续）,八、 在其他主体中的权益（续）,所有者权益,,financial_field,少数股东权益中核算。本集团不存在向该等结构化主体提供财务支持的义务和；意图。；165
annual_cscec_2025_report_field_001718,304,审计报告 > 九、 政府补助,财务报表,营业收入,,financial_field,"业外收入；他收益；变动；相关；与资产相关；中建二局广东建设基地一期；133,329；-；-；(4,167 )"
annual_cscec_2025_report_field_001719,304,审计报告 > 九、 政府补助,财务报表,营业收入,,financial_field,"计入营业外收入；77；16,729；与收益相关的政府补助；550,757；669,526；计入其他收益；506,565；534,972"
annual_cscec_2025_report_field_001720,304,审计报告 > 九、 政府补助,财务报表,营业收入,,financial_field,"计入营业外收入；44,192；134,554；合计；573,995；696,178；166"
annual_cscec_2025_report_field_001721,307,审计报告 > 十、 与金融工具相关的风险（续）,本集团在每个资产负债表,流动负债,,financial_field,"其他流动负债；12,924,642；-；-；-；12,924,642；长期借款；95,003,430；161,769,451；227,574,783"
annual_cscec_2025_report_field_001722,307,审计报告 > 十、 与金融工具相关的风险（续）,本集团在每个资产负债表,流动负债,,financial_field,"其他非流动负债；2,190,714；-；-；-；2,190,714；财务担保合同；65,373,614；436,000；2,402"
annual_cscec_2025_report_field_001723,307,审计报告 > 十、 与金融工具相关的风险（续）,本集团在每个资产负债表,流动负债,,financial_field,"其他流动负债；97,791,032；140,545,636；265,935,250；159,375,982；663,647,900；长期借款；21,885,205；20,523,171；60,291,650"
annual_cscec_2025_report_field_001724,307,审计报告 > 十、 与金融工具相关的风险（续）,本集团在每个资产负债表,流动负债,,financial_field,"其他非流动负债；103,182,542；2,654,114；815,678；3,112,517；109,764,851；财务担保合同；1,362,576,967；174,758,804；334,041,680"
annual_cscec_2025_report_field_001725,307,审计报告 > 十、 与金融工具相关的风险（续）,本集团在每个资产负债表,流动负债,,financial_field,注：上述长期借款、应付债券、租赁负债、长期应付款及其他非流动负债均包；含一年内到期的部分。；169
annual_cscec_2025_report_field_001726,308,审计报告 > 十、 与金融工具相关的风险（续）,本集团在每个资产负债表,利率,,financial_field,"的金融负债使本集团面临现金流量利率风险,固定利率的金融负债使本集团面；临公允价值利率风险。；于2025年12月31日,本集团之固定利率带息负债余额为394,142,732千元（2024；年12 月31 日：365,286,390 千元）,本集团之浮动利率带息负债余额为；539,906,532千元（2024年12月31日：491,931,865千元）。"
annual_cscec_2025_report_field_001727,308,审计报告 > 十、 与金融工具相关的风险（续）,本集团在每个资产负债表,利率,,financial_field,"本集团总部相关部门持续监控集团利率水平。利率上升会增加新增带息负债的；整,这些调整可能是进行利率互换的安排来降低利率风险。2025年度及2024年"
annual_cscec_2025_report_field_001728,308,审计报告 > 十、 与金融工具相关的风险（续）,本集团在每个资产负债表,利率,,financial_field,"整,这些调整可能是进行利率互换的安排来降低利率风险。2025年度及2024年；度,本集团并无重大利率互换安排。；于2025年12月31日,如果以浮动利率计算的借款利率上升或下降50个基点,而；其他因素保持不变,本集团的净利润会减少或增加约1,553,930千元（2024年12；月31日：约1,786,521千元）。；汇率风险"
annual_cscec_2025_report_field_001729,309,审计报告 > 十、 与金融工具相关的风险（续）,本集团在每个资产负债表,所有者权益,,financial_field,"本集团的总资本为合并资产负债表中所列示的股东权益。本集团利用资产负债；集团于2025年12月31日和2024年12月31日的资产负债率列示如下：；2025年12月31日；2024年12月31日；(经重述)；2,417,792,878"
annual_cscec_2025_report_field_001730,309,审计报告 > 十、 与金融工具相关的风险（续）,本集团在每个资产负债表,总负债,,financial_field,"总负债；2,738,171,656；3,189,774,343"
annual_cscec_2025_report_field_001731,309,审计报告 > 十、 与金融工具相关的风险（续）,本集团在每个资产负债表,总资产,,financial_field,"总资产；3,560,679,818；75.80%"
annual_cscec_2025_report_field_001732,309,审计报告 > 十、 与金融工具相关的风险（续）,本集团在每个资产负债表,资产负债率,,financial_field,资产负债率；76.90%；171
annual_cscec_2025_report_field_001733,311,审计报告 > 十一、公允价值的披露,财务报表,流动资产,,financial_field,"其他流动资产；上市权益工具投资；734,594；-；-；734,594；其他非流动金融资产；股权投资；-；-"
annual_cscec_2025_report_field_001734,312,审计报告 > 十一、公允价值的披露（续）,每个资产负债表,流动资产,,financial_field,"其他流动资产；上市权益工具投资；853,717；-；-；853,717；其他非流动金融资产；股权投资；-；-"
annual_cscec_2025_report_field_001735,313,审计报告 > 十一、公允价值的披露（续）,每个资产负债表,利率,,financial_field,"型,根据不可观察的市场价格或利率假设,采用折现估值模型估计公允价值。；产负债表日最合适的价值。；3.；持续第三层次公允价值计量的调节信息；持续的第三层次公允价值计量的调节信息如下：；2025年；年初余额 当期利得或损失总额；增加"
annual_cscec_2025_report_field_001736,328,审计报告 > 十二、关联方关系及其交易（续）,中已披露的重要合营和联营企业的情况,到期日,,financial_field,"担保到期日 担保是否履行完毕；关联方；否；2025年10月23日 2026年10月27日；1,404,900；否；2025年4月17日 2030年4月17日；672,123"
annual_cscec_2025_report_field_001737,328,审计报告 > 十二、关联方关系及其交易（续）,中已披露的重要合营和联营企业的情况,到期日,,financial_field,"到期日；青岛昌明置业有限公司；269,976 2025年6月16日"
annual_cscec_2025_report_field_001738,328,审计报告 > 十二、关联方关系及其交易（续）,中已披露的重要合营和联营企业的情况,到期日,,financial_field,无固定到期日；达州达环建设管理有限公司；2025年1月1日
annual_cscec_2025_report_field_001739,328,审计报告 > 十二、关联方关系及其交易（续）,中已披露的重要合营和联营企业的情况,到期日,,financial_field,"无固定到期日；90,000；青岛方跃置业有限公司；27,000 2025年12月30日 2026年12月29日；深圳市润朝房地产有限公司；20,000 2025年3月13日"
annual_cscec_2025_report_field_001740,328,审计报告 > 十二、关联方关系及其交易（续）,中已披露的重要合营和联营企业的情况,到期日,,financial_field,"无固定到期日；西安合汇兴尚置业有限公司；11,500 2025年11月20日"
annual_cscec_2025_report_field_001741,328,审计报告 > 十二、关联方关系及其交易（续）,中已披露的重要合营和联营企业的情况,到期日,,financial_field,无固定到期日；东莞市江畔新城房地产开发有限公司；2025年7月9日
annual_cscec_2025_report_field_001742,328,审计报告 > 十二、关联方关系及其交易（续）,中已披露的重要合营和联营企业的情况,到期日,,financial_field,"无固定到期日；1,200；合计；419,676；190"
annual_cscec_2025_report_field_001743,329,审计报告 > 十二、关联方关系及其交易（续）,中已披露的重要合营和联营企业的情况,到期日,,financial_field,"到期日；深圳市招航置业有限公司；1,198,500 2024年1月12日"
annual_cscec_2025_report_field_001744,329,审计报告 > 十二、关联方关系及其交易（续）,中已披露的重要合营和联营企业的情况,到期日,,financial_field,"无固定到期日；东莞市松润房地产有限公司；256,000 2024年1月31日"
annual_cscec_2025_report_field_001745,329,审计报告 > 十二、关联方关系及其交易（续）,中已披露的重要合营和联营企业的情况,到期日,,financial_field,无固定到期日；深圳市润朝房地产有限公司；2024年1月2日
annual_cscec_2025_report_field_001746,329,审计报告 > 十二、关联方关系及其交易（续）,中已披露的重要合营和联营企业的情况,到期日,,financial_field,"无固定到期日；107,000；北京怡璟置业有限公司；98,000 2024年1月15日"
annual_cscec_2025_report_field_001747,329,审计报告 > 十二、关联方关系及其交易（续）,中已披露的重要合营和联营企业的情况,到期日,,financial_field,"无固定到期日；三亚碧海锦诚商业管理有限公司；73,100 2024年1月12日"
annual_cscec_2025_report_field_001748,329,审计报告 > 十二、关联方关系及其交易（续）,中已披露的重要合营和联营企业的情况,到期日,,financial_field,"无固定到期日；青岛昌明置业有限公司；67,494 2024年8月30日"
annual_cscec_2025_report_field_001749,329,审计报告 > 十二、关联方关系及其交易（续）,中已披露的重要合营和联营企业的情况,到期日,,financial_field,"无固定到期日；柳州科城会展有限公司；36,842 2024年12月24日"
annual_cscec_2025_report_field_001750,329,审计报告 > 十二、关联方关系及其交易（续）,中已披露的重要合营和联营企业的情况,到期日,,financial_field,"无固定到期日；天津骏业共创置业有限公司；20,502 2024年1月10日"
annual_cscec_2025_report_field_001751,329,审计报告 > 十二、关联方关系及其交易（续）,中已披露的重要合营和联营企业的情况,到期日,,financial_field,"无固定到期日；厦门悦琴房地产有限公司；15,000 2024年6月27日"
annual_cscec_2025_report_field_001752,329,审计报告 > 十二、关联方关系及其交易（续）,中已披露的重要合营和联营企业的情况,到期日,,financial_field,"无固定到期日；西安合汇兴尚置业有限公司；12,500 2024年1月12日"
annual_cscec_2025_report_field_001753,329,审计报告 > 十二、关联方关系及其交易（续）,中已披露的重要合营和联营企业的情况,到期日,,financial_field,"无固定到期日；兴创企业有限公司；9,150 2024年1月12日"
annual_cscec_2025_report_field_001754,329,审计报告 > 十二、关联方关系及其交易（续）,中已披露的重要合营和联营企业的情况,到期日,,financial_field,"无固定到期日；柳州科城生态园林有限公司；7,849 2024年12月24日"
annual_cscec_2025_report_field_001755,329,审计报告 > 十二、关联方关系及其交易（续）,中已披露的重要合营和联营企业的情况,到期日,,financial_field,"无固定到期日；包头市中海宏洋地产有限公司；2024年2月5日 2026年6月30日；5,000；温州中建科工奥体项目管理有限公司；492 2024年8月12日"
annual_cscec_2025_report_field_001756,329,审计报告 > 十二、关联方关系及其交易（续）,中已披露的重要合营和联营企业的情况,到期日,,financial_field,无固定到期日；石家庄科运会展服务有限公司；454 2024年10月17日
annual_cscec_2025_report_field_001757,329,审计报告 > 十二、关联方关系及其交易（续）,中已披露的重要合营和联营企业的情况,到期日,,financial_field,无固定到期日；温州中建科工奥体项目管理有限公司；364 2024年2月25日
annual_cscec_2025_report_field_001758,329,审计报告 > 十二、关联方关系及其交易（续）,中已披露的重要合营和联营企业的情况,到期日,,financial_field,无固定到期日；中建钢构武汉蔡甸建设工程有限公司；220 2024年11月1日
annual_cscec_2025_report_field_001759,329,审计报告 > 十二、关联方关系及其交易（续）,中已披露的重要合营和联营企业的情况,到期日,,financial_field,无固定到期日；中建钢构武汉蔡甸建设工程有限公司；198 2024年12月6日
annual_cscec_2025_report_field_001760,329,审计报告 > 十二、关联方关系及其交易（续）,中已披露的重要合营和联营企业的情况,到期日,,financial_field,无固定到期日；温州中建科工奥体项目管理有限公司；192 2024年12月6日
annual_cscec_2025_report_field_001761,329,审计报告 > 十二、关联方关系及其交易（续）,中已披露的重要合营和联营企业的情况,到期日,,financial_field,无固定到期日；中建钢构武汉蔡甸建设工程有限公司；170 2024年11月20日
annual_cscec_2025_report_field_001762,329,审计报告 > 十二、关联方关系及其交易（续）,中已披露的重要合营和联营企业的情况,到期日,,financial_field,无固定到期日；中建钢构武汉蔡甸建设工程有限公司；84 2024年5月16日
annual_cscec_2025_report_field_001763,329,审计报告 > 十二、关联方关系及其交易（续）,中已披露的重要合营和联营企业的情况,到期日,,financial_field,"无固定到期日；合计；1,909,111；191"
annual_cscec_2025_report_field_001764,330,审计报告 > 十二、关联方关系及其交易（续）,中已披露的重要合营和联营企业的情况,到期日,,financial_field,"到期日；2,599,527 2025年9月25日"
annual_cscec_2025_report_field_001765,330,审计报告 > 十二、关联方关系及其交易（续）,中已披露的重要合营和联营企业的情况,到期日,,financial_field,"无固定到期日；Clear Elegant Limited；1,640,872 2025年11月20日"
annual_cscec_2025_report_field_001766,330,审计报告 > 十二、关联方关系及其交易（续）,中已披露的重要合营和联营企业的情况,到期日,,financial_field,"无固定到期日；Infinite Sun Limited；1,343,093 2025年7月25日"
annual_cscec_2025_report_field_001767,330,审计报告 > 十二、关联方关系及其交易（续）,中已披露的重要合营和联营企业的情况,到期日,,financial_field,"无固定到期日；254,590 2025年11月17日"
annual_cscec_2025_report_field_001768,330,审计报告 > 十二、关联方关系及其交易（续）,中已披露的重要合营和联营企业的情况,到期日,,financial_field,"无固定到期日；Marble Edge Limited；湖南天新成业城市更新投资发展有限公司；140,762 2025年4月10日 2026年12月10日；河南省郑许高速公路有限公司；96,256 2025年4月14日 2029年3月13日；长沙亿达创智置业发展有限公司；5,360 2025年12月31日"
annual_cscec_2025_report_field_001769,330,审计报告 > 十二、关联方关系及其交易（续）,中已披露的重要合营和联营企业的情况,到期日,,financial_field,"无固定到期日；合计；6,080,460；2024年；起始日；关联方；拆借金额"
annual_cscec_2025_report_field_001770,330,审计报告 > 十二、关联方关系及其交易（续）,中已披露的重要合营和联营企业的情况,到期日,,financial_field,"到期日；2,000,000 2024年10月18日 2025年10月17日；中建集团；647,433 2024年1月12日；泰达集团有限公司"
annual_cscec_2025_report_field_001771,330,审计报告 > 十二、关联方关系及其交易（续）,中已披露的重要合营和联营企业的情况,到期日,,financial_field,无固定到期日；2024年1月5日
annual_cscec_2025_report_field_001772,330,审计报告 > 十二、关联方关系及其交易（续）,中已披露的重要合营和联营企业的情况,到期日,,financial_field,"无固定到期日；Clear Elegant Limited；582,923；240,294 2024年5月24日；景誉有限公司"
annual_cscec_2025_report_field_001773,330,审计报告 > 十二、关联方关系及其交易（续）,中已披露的重要合营和联营企业的情况,到期日,,financial_field,无固定到期日；2024年1月5日
annual_cscec_2025_report_field_001774,330,审计报告 > 十二、关联方关系及其交易（续）,中已披露的重要合营和联营企业的情况,到期日,,financial_field,"无固定到期日；215,865；181,874 2024年1月22日 2027年1月25日；河南省郑许高速公路有限公司；Luminous Dream Limited；170,254 2024年1月10日"
annual_cscec_2025_report_field_001775,330,审计报告 > 十二、关联方关系及其交易（续）,中已披露的重要合营和联营企业的情况,到期日,,financial_field,无固定到期日；2024年1月5日
annual_cscec_2025_report_field_001776,330,审计报告 > 十二、关联方关系及其交易（续）,中已披露的重要合营和联营企业的情况,到期日,,financial_field,"无固定到期日；Marble Edge Limited；128,909；105,083 2024年10月16日；郑州市纵昇建设有限公司"
annual_cscec_2025_report_field_001777,330,审计报告 > 十二、关联方关系及其交易（续）,中已披露的重要合营和联营企业的情况,到期日,,financial_field,"无固定到期日；84,457 2024年11月7日 2026年6月22日；湖南天新成业城市更新投资发展有限公司；2024年1月1日 2026年11月30日；贵州正习高速公路投资管理有限公司；78,000；67,525 2024年9月23日 2026年6月22日；湖南天新成业城市更新投资发展有限公司；66,700 2024年12月19日 2025年12月31日；绵阳中建科发管廊道路投资建设有限公司"
annual_cscec_2025_report_field_001778,330,审计报告 > 十二、关联方关系及其交易（续）,中已披露的重要合营和联营企业的情况,到期日,,financial_field,"无固定到期日；60,411；50,514 2024年10月17日；郑州市朗昇建设有限公司"
annual_cscec_2025_report_field_001779,330,审计报告 > 十二、关联方关系及其交易（续）,中已披露的重要合营和联营企业的情况,到期日,,financial_field,"无固定到期日；46,529 2024年10月8日；郑州市纵昇建设有限公司"
annual_cscec_2025_report_field_001780,330,审计报告 > 十二、关联方关系及其交易（续）,中已披露的重要合营和联营企业的情况,到期日,,financial_field,"无固定到期日；21,934 2024年1月10日"
annual_cscec_2025_report_field_001781,330,审计报告 > 十二、关联方关系及其交易（续）,中已披露的重要合营和联营企业的情况,到期日,,financial_field,"无固定到期日；Vanlink Company Limited；6,122 2024年1月10日；长沙亿达创智置业发展有限公司"
annual_cscec_2025_report_field_001782,330,审计报告 > 十二、关联方关系及其交易（续）,中已披露的重要合营和联营企业的情况,到期日,,financial_field,"无固定到期日；3,980 2024年1月10日；重庆中建海龙两江建筑科技有限公司"
annual_cscec_2025_report_field_001783,330,审计报告 > 十二、关联方关系及其交易（续）,中已披露的重要合营和联营企业的情况,到期日,,financial_field,"无固定到期日；合计；4,758,807；192"
annual_cscec_2025_report_field_001784,337,审计报告 > 十二、关联方关系及其交易（续）,中已披露的重要合营和联营企业的情况,流动资产,,financial_field,"其他流动资产；中建集团；1,700,000；(2,558 )；2,000,000；(59 )"
annual_cscec_2025_report_field_001785,337,审计报告 > 十二、关联方关系及其交易（续）,中已披露的重要合营和联营企业的情况,流动资产,,financial_field,"其他流动资产；兴贵投资有限公司；829,682；-；857,338；-"
annual_cscec_2025_report_field_001786,337,审计报告 > 十二、关联方关系及其交易（续）,中已披露的重要合营和联营企业的情况,流动资产,,financial_field,"其他流动资产；宣城海嘉蓝城置业有限公司；698,363；-；663,151；-"
annual_cscec_2025_report_field_001787,337,审计报告 > 十二、关联方关系及其交易（续）,中已披露的重要合营和联营企业的情况,流动资产,,financial_field,"其他流动资产；兴创企业有限公司；675,402；-；697,813；-"
annual_cscec_2025_report_field_001788,337,审计报告 > 十二、关联方关系及其交易（续）,中已披露的重要合营和联营企业的情况,流动资产,,financial_field,"其他流动资产；天津创达置业有限责任公司；607,790 (539,147 )；653,706 (539,147 )"
annual_cscec_2025_report_field_001789,337,审计报告 > 十二、关联方关系及其交易（续）,中已披露的重要合营和联营企业的情况,流动资产,,financial_field,"其他流动资产；长春海润融城房地产开发有限公司；500,318；-；482,854；-"
annual_cscec_2025_report_field_001790,337,审计报告 > 十二、关联方关系及其交易（续）,中已披露的重要合营和联营企业的情况,流动资产,,financial_field,"其他流动资产；海外宏洋；456,426；(107 )；362,579；-"
annual_cscec_2025_report_field_001791,337,审计报告 > 十二、关联方关系及其交易（续）,中已披露的重要合营和联营企业的情况,流动资产,,financial_field,"其他流动资产；天津豪达房地产开发有限公司；358,090 (358,090 )；441,840 (364,776 )"
annual_cscec_2025_report_field_001792,337,审计报告 > 十二、关联方关系及其交易（续）,中已披露的重要合营和联营企业的情况,流动资产,,financial_field,"其他流动资产；天津骏业共创置业有限公司；337,244 (301,418 )；301,418 (301,418 )"
annual_cscec_2025_report_field_001793,337,审计报告 > 十二、关联方关系及其交易（续）,中已披露的重要合营和联营企业的情况,流动资产,,financial_field,"其他流动资产；金隅嘉星南京房地产开发有限公司；300,000；(14,400 )；300,000；(14,400 )"
annual_cscec_2025_report_field_001794,337,审计报告 > 十二、关联方关系及其交易（续）,中已披露的重要合营和联营企业的情况,流动资产,,financial_field,"其他流动资产；广州穗海置业有限公司；295,109 (295,109 )；295,109 (295,109 )"
annual_cscec_2025_report_field_001795,337,审计报告 > 十二、关联方关系及其交易（续）,中已披露的重要合营和联营企业的情况,流动资产,,financial_field,"其他流动资产；哈尔滨润置房地产开发有限公司；285,720；-；414,128；-"
annual_cscec_2025_report_field_001796,337,审计报告 > 十二、关联方关系及其交易（续）,中已披露的重要合营和联营企业的情况,流动资产,,financial_field,"其他流动资产；成都朗鑫置业有限公司；279,754；-；346,707；-"
annual_cscec_2025_report_field_001797,337,审计报告 > 十二、关联方关系及其交易（续）,中已披露的重要合营和联营企业的情况,流动资产,,financial_field,"其他流动资产；贵州雷榕高速公路投资管理有限公司；261,717；-；127,879；-"
annual_cscec_2025_report_field_001798,337,审计报告 > 十二、关联方关系及其交易（续）,中已披露的重要合营和联营企业的情况,流动资产,,financial_field,"其他流动资产；贵州正习高速公路投资管理有限公司；238,584；-；238,591；-"
annual_cscec_2025_report_field_001799,337,审计报告 > 十二、关联方关系及其交易（续）,中已披露的重要合营和联营企业的情况,流动资产,,financial_field,"其他流动资产；苏州吴江泰海置业有限公司；222,570；-；258,358；-"
annual_cscec_2025_report_field_001800,337,审计报告 > 十二、关联方关系及其交易（续）,中已披露的重要合营和联营企业的情况,流动资产,,financial_field,"其他流动资产；天津顺集置业有限公司；217,186 (217,186 )；219,186 (219,186 )"
annual_cscec_2025_report_field_001801,337,审计报告 > 十二、关联方关系及其交易（续）,中已披露的重要合营和联营企业的情况,流动资产,,financial_field,"其他流动资产；成都景锐置业有限公司；198,621；-；666,551；-"
annual_cscec_2025_report_field_001802,337,审计报告 > 十二、关联方关系及其交易（续）,中已披露的重要合营和联营企业的情况,流动资产,,financial_field,"其他流动资产；安徽蚌五高速公路投资管理有限公司；173,411；-；115,050；-"
annual_cscec_2025_report_field_001803,337,审计报告 > 十二、关联方关系及其交易（续）,中已披露的重要合营和联营企业的情况,流动资产,,financial_field,"其他流动资产；中建国际(襄阳)建设有限公司；164,550；-；131,000；-"
annual_cscec_2025_report_field_001804,337,审计报告 > 十二、关联方关系及其交易（续）,中已披露的重要合营和联营企业的情况,流动资产,,financial_field,"其他流动资产；丹江口海嘉建设有限公司；135,000；-；98,000；-"
annual_cscec_2025_report_field_001805,337,审计报告 > 十二、关联方关系及其交易（续）,中已披露的重要合营和联营企业的情况,流动资产,,financial_field,"其他流动资产；厦门市雍景湾房地产有限公司；133,780 (119,609 )；119,609 (119,609 )"
annual_cscec_2025_report_field_001806,337,审计报告 > 十二、关联方关系及其交易（续）,中已披露的重要合营和联营企业的情况,流动资产,,financial_field,"其他流动资产；其他；2,163,129 (435,174 )；2,672,444 (135,969 )"
annual_cscec_2025_report_field_001807,337,审计报告 > 十二、关联方关系及其交易（续）,中已披露的重要合营和联营企业的情况,流动资产,,financial_field,"其他流动资产；合计；11,232,446 (2,282,798 ) 12,463,311 (1,989,673 )；长期应收款；平顶山市湛南新城发展有限公司；355,512；(1,067 )；355,512；(1,067 )；长期应收款"
annual_cscec_2025_report_field_001808,345,"审计报告 > 十四、资产负债表日后事项 > 2.根据2026年4月17日董事会决议,董事会提议本公司以截至本财务报表批准",董事会提议本公司以截至本财务报表,发行规模,,financial_field,"发行金额；发行日 利率(%)；中国建筑一局(集团)有限公司；超短期融资券；2026年1月5日；1,500,000；1.53；中国建筑一局(集团)有限公司；超短期融资券；2026年1月5日"
annual_cscec_2025_report_field_001809,345,"审计报告 > 十四、资产负债表日后事项 > 2.根据2026年4月17日董事会决议,董事会提议本公司以截至本财务报表批准",董事会提议本公司以截至本财务报表,现金红利,,financial_field,"报出日41,320,390,444股为基数,向全体普通股股东每10股派送2.718元（含；税）现金股息,合计约112.31亿元,在实施权益分派的股权登记日前公司总；报表中确认。；207"
annual_cscec_2025_report_field_001810,347,审计报告 > 十五、其他重要事项（续）,十五、其他重要事项（续）,营业收入,,financial_field,"对外交易收入；1,213,589,480；538,571,922；283,839,707；9,608,209；36,532,493；-；-；2,082,141,811"
annual_cscec_2025_report_field_001811,347,审计报告 > 十五、其他重要事项（续）,十五、其他重要事项（续）,营业收入,,financial_field,"分部间交易收入；20,616,312；(29,963,594 )；4,607,796；553,860；563,006；3,622,620；-；-；小计"
annual_cscec_2025_report_field_001812,348,审计报告 > 十五、其他重要事项（续）,十五、其他重要事项（续）,营业收入,,financial_field,"对外交易收入；-；1,295,544,060；545,853,122；305,905,418；10,341,946；29,689,740；-；2,187,334,286"
annual_cscec_2025_report_field_001813,348,审计报告 > 十五、其他重要事项（续）,十五、其他重要事项（续）,营业收入,,financial_field,"分部间交易收入；(36,493,762 )；26,257,172；5,049,958；414,075；479,969；4,292,588；-；-；小计"
annual_cscec_2025_report_field_001814,349,审计报告 > 十五、其他重要事项（续）,十五、其他重要事项（续）,营业收入,,financial_field,"对外交易收入；2025年；2024年；(经重述)；房屋建筑工程；1,213,589,480；1,295,544,060；基础设施建设与投资；538,571,922；545,853,122"
annual_cscec_2025_report_field_001815,349,审计报告 > 十五、其他重要事项（续）,十五、其他重要事项（续）,营业收入,,financial_field,"对外交易收入；2025年；2024年；(经重述)；中国大陆；2,068,700,562；1,940,443,514；其他国家或地区；118,633,724；141,698,297"
annual_cscec_2025_report_field_001816,349,审计报告 > 十五、其他重要事项（续）,十五、其他重要事项（续）,营业收入,,financial_field,对外交易收入归属于客户所处区域。；211
annual_cscec_2025_report_field_001817,350,审计报告 > 十五、其他重要事项（续）,十五、其他重要事项（续）,流动资产,,financial_field,"非流动资产总额；2025年12月31日；2024年12月31日；(经重述)；584,035,137；中国大陆；595,341,009；其他国家或地区；28,192,991；29,129,369"
annual_cscec_2025_report_field_001818,350,审计报告 > 十五、其他重要事项（续）,十五、其他重要事项（续）,流动资产,,financial_field,"非流动资产归属于该资产所处区域,不包括金融资产、长期股权投资和递延所；得税资产。；主要客户信息；本集团不依赖于某个或某几个重要客户。；2.；比较数据；如附注七、2所述,本集团2025年度完成了对海南建中实拓工程有限公司、中建；营成果和现金流量,以符合2025年度的列报和会计处理要求。"
annual_cscec_2025_report_field_001819,363,审计报告 > 十六、公司财务报表主要项目注释（续）,公司财务报表,营业收入,,financial_field,营业收入和营业成本；（1） 营业收入和营业成本情况；2025年；2024年
annual_cscec_2025_report_field_001820,363,审计报告 > 十六、公司财务报表主要项目注释（续）,公司财务报表,营业收入,,financial_field,"收入；成本；主营业务；46,172,793；46,537,896；49,411,378；46,469,063；其他业务；197,303；111,308"
annual_cscec_2025_report_field_001821,363,审计报告 > 十六、公司财务报表主要项目注释（续）,公司财务报表,营业收入,,financial_field,为收入。；（2） 营业收入分解信息；2025年；2024年
annual_cscec_2025_report_field_001822,363,审计报告 > 十六、公司财务报表主要项目注释（续）,公司财务报表,营业收入,,financial_field,"收入确认时间；在某一时点转让；93,153；102,691；93,153；其他；102,691；在某一时段内转让；49,478,501；46,267,405"
annual_cscec_2025_report_field_001823,364,审计报告 > 十六、公司财务报表主要项目注释（续）,公司财务报表,营业收入,,financial_field,"营业收入和营业成本（续）；（3） 营业成本分解信息；2025年；2024年；成本确认时间；在某一时点转让；62,416；81,563；62,416；其他"
annual_cscec_2025_report_field_001824,364,审计报告 > 十六、公司财务报表主要项目注释（续）,公司财务报表,营业收入,,financial_field,"确认的收入来源于：；2025年；2024年；合同负债年初账面价值；9,637,789；11,004,617；5.；投资收益；2025年；2024年"
annual_cscec_2025_report_field_001825,364,审计报告 > 十六、公司财务报表主要项目注释（续）,公司财务报表,营业收入,,financial_field,"债权投资在持有期间取得的利息收入；191,672；311,169"
annual_cscec_2025_report_field_001826,364,审计报告 > 十六、公司财务报表主要项目注释（续）,公司财务报表,营业收入,,financial_field,"其他权益工具投资在持有期间取得的股利收入；1,138；2,485；合计；15,433,768；20,262,844；确认1,300千元损失（2024年：2,281千元损失）,计入投资损失。；本公司不存在投资收益汇回的重大限制。；226"
annual_cscec_2025_report_field_001827,365,审计报告 > 十六、公司财务报表主要项目注释（续）,公司财务报表,营业收入,,financial_field,"除上述各项之外的其他营业外收入和支出；532,087；其他符合非经常性损益定义的损益项目；404,123；小计；9,544,743；所得税影响额；(1,899,401 )；小计；7,645,342"
annual_cscec_2025_report_field_001828,365,审计报告 > 十六、公司财务报表主要项目注释（续）,公司财务报表,所有者权益,,financial_field,"少数股东权益影响额(税后)；(510,802 )；合计；7,134,540；公告第1号——非经常性损益（2023年修订）》（证监会公告〔2023〕65号）的；规定执行。；2."
annual_cscec_2025_report_field_001829,365,审计报告 > 十六、公司财务报表主要项目注释（续）,公司财务报表,加权平均净资产收益率,,financial_field,净资产收益率和每股收益；加权平均净资产收益率(%) 每股收益(元/股)；基本；稀释；归属于公司普通股股东的净利润；0.94；8.15；0.94；扣除非经常性损益后归属于公司；0.77
